position,nucleotide,sugar,base,linker,compound_id,duplex_id
-9,1,d,T,sp,RNA1,
-8,2,d,T,sp,RNA1,
-7,3,r,U,sp,RNA1,
-6,4,m,C,p,RNA1,
-5,5,m,C,sp,RNA1,
-4,6,f,A,p,RNA1,
-3,7,r,C,p,RNA1,
-2,8,d,A,p,RNA1,
-1,9,d,T,sp,RNA1,
0,10,r,U,sp,RNA1,
1,11,m,C,p,RNA1,
2,12,r,G,sp,RNA1,
3,13,r,C,p,RNA1,
4,14,r,U,sp,RNA1,
5,15,m,C,sp,RNA1,
6,16,d,T,p,RNA1,
7,17,m,A,sp,RNA1,
8,18,d,T,sp,RNA1,
9,19,d,T,p,RNA1,
10,20,d,T,sp,RNA1,
11,21,r,U,sp,RNA1,
12,22,r,U,sp,RNA1,
13,23,d,T,sp,RNA1,
14,24,f,C,p,RNA1,
15,25,d,T,p,RNA1,
16,26,r,U,p,RNA1,
17,27,r,G,sp,RNA1,
18,28,d,T,sp,RNA1,
19,29,d,T,sp,RNA1,
20,30,f,G,p,RNA1,
21,31,d,T,p,RNA1,
22,32,m,G,sp,RNA1,
23,33,r,U,sp,RNA1,
24,34,d,T,p,RNA1,
25,35,d,T,p,RNA1,
26,36,r,U,p,RNA1,
27,37,m,G,sp,RNA1,
28,38,f,A,sp,RNA1,
29,39,m,A,p,RNA1,
30,40,m,A,p,RNA1,
31,41,r,C,sp,RNA1,
32,42,r,C,p,RNA1,
33,43,d,G,sp,RNA1,
34,44,r,A,p,RNA1,
35,45,d,T,p,RNA1,
36,46,r,U,sp,RNA1,
37,47,d,G,sp,RNA1,
38,48,r,U,p,RNA1,
39,49,r,U,p,RNA1,
40,50,d,A,,RNA1,
-29,1,r,U,p,RNA2,
-28,2,m,A,p,RNA2,
-27,3,r,G,sp,RNA2,
-26,4,d,T,sp,RNA2,
-25,5,d,G,p,RNA2,
-24,6,m,A,p,RNA2,
-23,7,d,T,p,RNA2,
-22,8,r,U,sp,RNA2,
-21,9,d,T,sp,RNA2,
-20,10,m,C,sp,RNA2,
-19,11,r,G,p,RNA2,
-18,12,f,G,p,RNA2,
-17,13,r,U,sp,RNA2,
-16,14,r,U,sp,RNA2,
-15,15,r,G,sp,RNA2,
-14,16,m,C,sp,RNA2,
-13,17,r,A,sp,RNA2,
-12,18,d,T,p,RNA2,
-11,19,r,U,sp,RNA2,
-10,20,m,G,p,RNA2,
-9,21,d,G,sp,RNA2,
-8,22,f,C,sp,RNA2,
-7,23,f,A,p,RNA2,
-6,24,r,G,p,RNA2,
-5,25,r,G,p,RNA2,
-4,26,r,U,sp,RNA2,
-3,27,d,A,p,RNA2,
-2,28,r,U,sp,RNA2,
-1,29,m,A,sp,RNA2,
0,30,m,A,p,RNA2,
1,31,f,G,sp,RNA2,
2,32,r,C,p,RNA2,
3,33,d,T,p,RNA2,
4,34,d,A,sp,RNA2,
5,35,r,U,sp,RNA2,
6,36,d,T,p,RNA2,
7,37,r,G,p,RNA2,
8,38,d,C,p,RNA2,
9,39,d,G,p,RNA2,
10,40,d,G,sp,RNA2,
11,41,r,G,sp,RNA2,
12,42,r,U,p,RNA2,
13,43,d,T,sp,RNA2,
14,44,f,C,sp,RNA2,
15,45,d,T,p,RNA2,
16,46,d,T,p,RNA2,
17,47,f,C,p,RNA2,
18,48,d,T,sp,RNA2,
19,49,d,T,sp,RNA2,
20,50,f,C,,RNA2,
-14,1,d,T,sp,RNA3,
-13,2,r,A,sp,RNA3,
-12,3,d,C,p,RNA3,
-11,4,d,T,sp,RNA3,
-10,5,f,G,p,RNA3,
-9,6,r,C,sp,RNA3,
-8,7,r,U,p,RNA3,
-7,8,d,T,sp,RNA3,
-6,9,m,A,p,RNA3,
-5,10,r,U,sp,RNA3,
-4,11,d,T,p,RNA3,
-3,12,f,G,p,RNA3,
-2,13,r,U,sp,RNA3,
-1,14,m,A,sp,RNA3,
0,15,f,G,p,RNA3,
1,16,d,T,p,RNA3,
2,17,r,C,sp,RNA3,
3,18,f,G,sp,RNA3,
4,19,r,U,sp,RNA3,
5,20,d,A,sp,RNA3,
6,21,r,U,sp,RNA3,
7,22,f,A,sp,RNA3,
8,23,f,A,p,RNA3,
9,24,d,G,sp,RNA3,
10,25,m,G,sp,RNA3,
11,26,r,U,p,RNA3,
12,27,r,C,sp,RNA3,
13,28,r,U,p,RNA3,
14,29,m,C,p,RNA3,
15,30,d,A,sp,RNA3,
16,31,r,G,p,RNA3,
17,32,r,U,p,RNA3,
18,33,r,U,sp,RNA3,
19,34,f,C,sp,RNA3,
20,35,d,C,sp,RNA3,
21,36,f,A,p,RNA3,
22,37,r,U,sp,RNA3,
23,38,r,G,sp,RNA3,
24,39,m,C,sp,RNA3,
25,40,d,T,,RNA3,
-19,1,r,A,p,RNA4,
-18,2,d,T,p,RNA4,
-17,3,f,G,p,RNA4,
-16,4,d,T,sp,RNA4,
-15,5,f,G,p,RNA4,
-14,6,f,A,sp,RNA4,
-13,7,r,U,p,RNA4,
-12,8,d,T,sp,RNA4,
-11,9,m,C,p,RNA4,
-10,10,r,U,sp,RNA4,
-9,11,m,A,p,RNA4,
-8,12,r,U,sp,RNA4,
-7,13,r,G,p,RNA4,
-6,14,r,G,p,RNA4,
-5,15,r,U,sp,RNA4,
-4,16,d,T,p,RNA4,
-3,17,d,T,p,RNA4,
-2,18,r,U,p,RNA4,
-1,19,r,U,sp,RNA4,
0,20,d,G,sp,RNA4,
1,21,f,C,p,RNA4,
2,22,f,C,p,RNA4,
3,23,r,U,p,RNA4,
4,24,f,G,sp,RNA4,
5,25,d,T,p,RNA4,
6,26,r,G,p,RNA4,
7,27,d,T,p,RNA4,
8,28,d,C,sp,RNA4,
9,29,f,C,sp,RNA4,
10,30,f,C,sp,RNA4,
11,31,r,U,sp,RNA4,
12,32,r,U,p,RNA4,
13,33,r,U,p,RNA4,
14,34,r,G,sp,RNA4,
15,35,r,U,sp,RNA4,
16,36,m,G,sp,RNA4,
17,37,r,C,sp,RNA4,
18,38,d,A,p,RNA4,
19,39,f,G,sp,RNA4,
20,40,r,U,p,RNA4,
21,41,r,A,sp,RNA4,
22,42,d,T,,RNA4,
-4,1,d,T,sp,RNA5,
-3,2,d,G,sp,RNA5,
-2,3,d,T,p,RNA5,
-1,4,f,G,sp,RNA5,
0,5,d,T,p,RNA5,
1,6,d,T,sp,RNA5,
2,7,d,T,sp,RNA5,
3,8,m,G,sp,RNA5,
4,9,r,U,sp,RNA5,
5,10,r,G,sp,RNA5,
6,11,m,G,p,RNA5,
7,12,r,A,p,RNA5,
8,13,d,T,p,RNA5,
9,14,d,G,sp,RNA5,
10,15,d,G,p,RNA5,
11,16,d,T,p,RNA5,
12,17,f,G,p,RNA5,
13,18,d,C,p,RNA5,
14,19,r,G,sp,RNA5,
15,20,r,A,sp,RNA5,
16,21,d,T,sp,RNA5,
17,22,m,G,p,RNA5,
18,23,d,T,p,RNA5,
19,24,f,C,p,RNA5,
20,25,d,T,p,RNA5,
21,26,d,G,p,RNA5,
22,27,d,T,sp,RNA5,
23,28,r,U,p,RNA5,
24,29,d,G,sp,RNA5,
25,30,d,T,p,RNA5,
26,31,f,G,p,RNA5,
27,32,d,T,p,RNA5,
28,33,d,T,sp,RNA5,
29,34,f,C,sp,RNA5,
30,35,d,T,p,RNA5,
31,36,m,C,,RNA5,
-4,1,f,C,p,RNA6,
-3,2,r,U,p,RNA6,
-2,3,r,U,sp,RNA6,
-1,4,m,A,sp,RNA6,
0,5,f,A,p,RNA6,
1,6,d,T,sp,RNA6,
2,7,m,C,p,RNA6,
3,8,d,G,sp,RNA6,
4,9,d,T,sp,RNA6,
5,10,f,A,sp,RNA6,
6,11,f,C,p,RNA6,
7,12,d,C,p,RNA6,
8,13,r,U,p,RNA6,
9,14,m,G,sp,RNA6,
10,15,m,G,p,RNA6,
11,16,f,A,sp,RNA6,
12,17,r,A,sp,RNA6,
13,18,r,G,sp,RNA6,
14,19,d,T,sp,RNA6,
15,20,d,T,p,RNA6,
16,21,r,A,p,RNA6,
17,22,r,U,p,RNA6,
18,23,r,U,sp,RNA6,
19,24,d,G,sp,RNA6,
20,25,r,U,sp,RNA6,
21,26,r,U,p,RNA6,
22,27,r,C,sp,RNA6,
23,28,d,T,sp,RNA6,
24,29,m,A,p,RNA6,
25,30,d,C,sp,RNA6,
26,31,m,G,p,RNA6,
27,32,f,C,sp,RNA6,
28,33,r,U,sp,RNA6,
29,34,m,A,p,RNA6,
30,35,m,G,p,RNA6,
31,36,f,C,sp,RNA6,
32,37,d,G,sp,RNA6,
33,38,m,A,,RNA6,
-19,1,r,U,p,RNA7,
-18,2,r,U,p,RNA7,
-17,3,r,U,sp,RNA7,
-16,4,d,T,sp,RNA7,
-15,5,d,T,sp,RNA7,
-14,6,r,U,sp,RNA7,
-13,7,d,G,sp,RNA7,
-12,8,d,T,p,RNA7,
-11,9,d,G,sp,RNA7,
-10,10,r,U,sp,RNA7,
-9,11,d,T,p,RNA7,
-8,12,r,U,sp,RNA7,
-7,13,m,C,p,RNA7,
-6,14,m,C,p,RNA7,
-5,15,r,A,p,RNA7,
-4,16,r,U,sp,RNA7,
-3,17,f,A,sp,RNA7,
-2,18,r,U,sp,RNA7,
-1,19,d,T,p,RNA7,
0,20,f,A,p,RNA7,
1,21,r,U,p,RNA7,
2,22,r,A,p,RNA7,
3,23,r,U,p,RNA7,
4,24,f,A,p,RNA7,
5,25,m,A,p,RNA7,
6,26,r,U,p,RNA7,
7,27,r,U,p,RNA7,
8,28,d,A,p,RNA7,
9,29,d,C,sp,RNA7,
10,30,d,T,p,RNA7,
11,31,f,C,p,RNA7,
12,32,d,T,,RNA7,
-19,1,d,C,p,RNA8,
-18,2,m,C,p,RNA8,
-17,3,r,C,sp,RNA8,
-16,4,m,A,p,RNA8,
-15,5,d,A,sp,RNA8,
-14,6,m,C,p,RNA8,
-13,7,f,A,sp,RNA8,
-12,8,d,C,sp,RNA8,
-11,9,d,A,p,RNA8,
-10,10,d,T,sp,RNA8,
-9,11,r,A,sp,RNA8,
-8,12,r,U,sp,RNA8,
-7,13,d,T,p,RNA8,
-6,14,d,G,sp,RNA8,
-5,15,d,T,sp,RNA8,
-4,16,m,C,p,RNA8,
-3,17,r,U,p,RNA8,
-2,18,d,T,p,RNA8,
-1,19,f,G,sp,RNA8,
0,20,d,T,p,RNA8,
1,21,r,A,p,RNA8,
2,22,r,U,sp,RNA8,
3,23,r,U,p,RNA8,
4,24,r,U,p,RNA8,
5,25,d,T,sp,RNA8,
6,26,r,U,sp,RNA8,
7,27,r,U,sp,RNA8,
8,28,d,G,sp,RNA8,
9,29,r,A,sp,RNA8,
10,30,f,C,sp,RNA8,
11,31,d,T,sp,RNA8,
12,32,f,C,sp,RNA8,
13,33,f,C,sp,RNA8,
14,34,d,T,sp,RNA8,
15,35,r,U,p,RNA8,
16,36,f,G,sp,RNA8,
17,37,f,A,p,RNA8,
18,38,d,T,p,RNA8,
19,39,d,T,p,RNA8,
20,40,r,A,p,RNA8,
21,41,d,T,sp,RNA8,
22,42,d,C,,RNA8,
-29,1,r,A,p,RNA9,
-28,2,r,U,sp,RNA9,
-27,3,r,U,p,RNA9,
-26,4,f,G,p,RNA9,
-25,5,f,A,p,RNA9,
-24,6,r,C,p,RNA9,
-23,7,r,G,sp,RNA9,
-22,8,r,U,p,RNA9,
-21,9,d,T,p,RNA9,
-20,10,r,A,sp,RNA9,
-19,11,d,A,p,RNA9,
-18,12,f,C,sp,RNA9,
-17,13,f,G,p,RNA9,
-16,14,r,C,p,RNA9,
-15,15,d,T,p,RNA9,
-14,16,m,G,p,RNA9,
-13,17,d,T,sp,RNA9,
-12,18,f,G,sp,RNA9,
-11,19,r,G,sp,RNA9,
-10,20,f,C,sp,RNA9,
-9,21,f,A,sp,RNA9,
-8,22,m,C,sp,RNA9,
-7,23,r,U,sp,RNA9,
-6,24,f,G,sp,RNA9,
-5,25,r,U,p,RNA9,
-4,26,m,G,p,RNA9,
-3,27,r,U,sp,RNA9,
-2,28,r,G,sp,RNA9,
-1,29,r,U,p,RNA9,
0,30,d,T,p,RNA9,
1,31,d,C,p,RNA9,
2,32,d,T,sp,RNA9,
3,33,d,T,p,RNA9,
4,34,d,T,sp,RNA9,
5,35,r,U,sp,RNA9,
6,36,r,C,p,RNA9,
7,37,d,G,sp,RNA9,
8,38,r,A,p,RNA9,
9,39,r,A,p,RNA9,
10,40,d,G,p,RNA9,
11,41,d,C,p,RNA9,
12,42,d,T,p,RNA9,
13,43,d,A,sp,RNA9,
14,44,r,A,sp,RNA9,
15,45,r,U,sp,RNA9,
16,46,m,G,p,RNA9,
17,47,f,C,sp,RNA9,
18,48,m,G,p,RNA9,
19,49,r,U,p,RNA9,
20,50,r,U,,RNA9,
-39,1,m,C,sp,RNA10,
-38,2,d,T,p,RNA10,
-37,3,r,G,p,RNA10,
-36,4,m,A,p,RNA10,
-35,5,d,G,p,RNA10,
-34,6,r,G,p,RNA10,
-33,7,m,A,p,RNA10,
-32,8,r,U,sp,RNA10,
-31,9,m,C,sp,RNA10,
-30,10,d,T,p,RNA10,
-29,11,r,C,sp,RNA10,
-28,12,f,A,p,RNA10,
-27,13,r,C,sp,RNA10,
-26,14,r,G,sp,RNA10,
-25,15,f,A,sp,RNA10,
-24,16,f,C,p,RNA10,
-23,17,d,T,sp,RNA10,
-22,18,r,U,sp,RNA10,
-21,19,r,C,p,RNA10,
-20,20,d,A,sp,RNA10,
-19,21,d,A,sp,RNA10,
-18,22,d,T,sp,RNA10,
-17,23,m,A,p,RNA10,
-16,24,r,A,sp,RNA10,
-15,25,m,C,sp,RNA10,
-14,26,m,A,sp,RNA10,
-13,27,r,U,p,RNA10,
-12,28,d,C,sp,RNA10,
-11,29,m,G,p,RNA10,
-10,30,d,G,sp,RNA10,
-9,31,d,G,sp,RNA10,
-8,32,r,C,sp,RNA10,
-7,33,r,U,sp,RNA10,
-6,34,d,C,p,RNA10,
-5,35,r,U,sp,RNA10,
-4,36,d,T,p,RNA10,
-3,37,r,U,sp,RNA10,
-2,38,d,T,sp,RNA10,
-1,39,f,G,p,RNA10,
0,40,r,G,sp,RNA10,
1,41,f,C,p,RNA10,
2,42,d,C,,RNA10,
-34,1,d,C,sp,RNA11,
-33,2,r,U,p,RNA11,
-32,3,m,A,sp,RNA11,
-31,4,f,G,p,RNA11,
-30,5,f,G,p,RNA11,
-29,6,d,C,sp,RNA11,
-28,7,d,T,sp,RNA11,
-27,8,r,G,sp,RNA11,
-26,9,d,T,sp,RNA11,
-25,10,f,C,p,RNA11,
-24,11,m,G,p,RNA11,
-23,12,d,G,sp,RNA11,
-22,13,d,T,sp,RNA11,
-21,14,r,U,p,RNA11,
-20,15,d,G,sp,RNA11,
-19,16,r,U,p,RNA11,
-18,17,d,T,p,RNA11,
-17,18,r,U,p,RNA11,
-16,19,r,U,p,RNA11,
-15,20,f,G,sp,RNA11,
-14,21,d,T,sp,RNA11,
-13,22,d,T,sp,RNA11,
-12,23,m,G,sp,RNA11,
-11,24,r,U,p,RNA11,
-10,25,r,U,p,RNA11,
-9,26,r,U,p,RNA11,
-8,27,d,A,p,RNA11,
-7,28,d,T,p,RNA11,
-6,29,r,C,sp,RNA11,
-5,30,r,U,p,RNA11,
-4,31,d,G,p,RNA11,
-3,32,r,A,sp,RNA11,
-2,33,r,U,sp,RNA11,
-1,34,r,U,p,RNA11,
0,35,d,T,sp,RNA11,
1,36,r,C,p,RNA11,
2,37,d,T,p,RNA11,
3,38,r,U,p,RNA11,
4,39,f,A,sp,RNA11,
5,40,r,G,p,RNA11,
6,41,r,U,p,RNA11,
7,42,d,T,sp,RNA11,
8,43,r,G,p,RNA11,
9,44,d,T,sp,RNA11,
10,45,r,A,p,RNA11,
11,46,f,A,,RNA11,
-44,1,d,T,sp,RNA12,
-43,2,r,U,sp,RNA12,
-42,3,d,G,sp,RNA12,
-41,4,m,G,p,RNA12,
-40,5,r,U,sp,RNA12,
-39,6,d,G,p,RNA12,
-38,7,r,U,p,RNA12,
-37,8,f,C,sp,RNA12,
-36,9,d,A,p,RNA12,
-35,10,m,C,p,RNA12,
-34,11,r,U,sp,RNA12,
-33,12,f,G,p,RNA12,
-32,13,d,T,p,RNA12,
-31,14,d,A,p,RNA12,
-30,15,r,C,sp,RNA12,
-29,16,d,T,p,RNA12,
-28,17,f,C,sp,RNA12,
-27,18,r,G,p,RNA12,
-26,19,f,C,p,RNA12,
-25,20,d,T,sp,RNA12,
-24,21,m,A,p,RNA12,
-23,22,r,U,sp,RNA12,
-22,23,d,T,p,RNA12,
-21,24,r,U,p,RNA12,
-20,25,d,T,sp,RNA12,
-19,26,r,U,sp,RNA12,
-18,27,r,U,p,RNA12,
-17,28,r,A,p,RNA12,
-16,29,r,C,p,RNA12,
-15,30,d,T,sp,RNA12,
-14,31,r,U,sp,RNA12,
-13,32,m,C,sp,RNA12,
-12,33,r,U,sp,RNA12,
-11,34,m,A,sp,RNA12,
-10,35,d,C,sp,RNA12,
-9,36,f,C,sp,RNA12,
-8,37,r,A,sp,RNA12,
-7,38,d,A,p,RNA12,
-6,39,f,C,p,RNA12,
-5,40,d,T,p,RNA12,
-4,41,d,T,sp,RNA12,
-3,42,r,G,p,RNA12,
-2,43,d,C,sp,RNA12,
-1,44,f,C,p,RNA12,
0,45,r,U,sp,RNA12,
1,46,d,T,,RNA12,
-9,1,r,C,p,RNA13,
-8,2,d,T,p,RNA13,
-7,3,d,T,p,RNA13,
-6,4,d,G,sp,RNA13,
-5,5,d,C,p,RNA13,
-4,6,d,A,p,RNA13,
-3,7,r,U,sp,RNA13,
-2,8,r,G,sp,RNA13,
-1,9,d,C,sp,RNA13,
0,10,d,T,p,RNA13,
1,11,d,T,p,RNA13,
2,12,r,U,p,RNA13,
3,13,r,G,p,RNA13,
4,14,f,G,p,RNA13,
5,15,m,C,p,RNA13,
6,16,m,A,p,RNA13,
7,17,f,G,p,RNA13,
8,18,r,G,p,RNA13,
9,19,d,T,sp,RNA13,
10,20,f,A,p,RNA13,
11,21,r,U,p,RNA13,
12,22,d,T,p,RNA13,
13,23,r,U,p,RNA13,
14,24,d,T,sp,RNA13,
15,25,d,T,sp,RNA13,
16,26,r,C,sp,RNA13,
17,27,f,G,sp,RNA13,
18,28,m,A,p,RNA13,
19,29,d,T,p,RNA13,
20,30,r,A,p,RNA13,
21,31,r,G,sp,RNA13,
22,32,f,A,sp,RNA13,
23,33,d,A,p,RNA13,
24,34,r,U,p,RNA13,
25,35,r,U,sp,RNA13,
26,36,r,G,p,RNA13,
27,37,r,U,p,RNA13,
28,38,r,U,p,RNA13,
29,39,r,U,sp,RNA13,
30,40,r,U,sp,RNA13,
31,41,m,C,sp,RNA13,
32,42,f,A,p,RNA13,
33,43,d,A,sp,RNA13,
34,44,r,U,p,RNA13,
35,45,r,G,sp,RNA13,
36,46,r,U,p,RNA13,
37,47,r,G,p,RNA13,
38,48,f,A,,RNA13,
-24,1,d,C,p,RNA14,
-23,2,f,A,p,RNA14,
-22,3,m,A,sp,RNA14,
-21,4,d,T,p,RNA14,
-20,5,d,T,p,RNA14,
-19,6,f,C,p,RNA14,
-18,7,d,G,p,RNA14,
-17,8,d,T,p,RNA14,
-16,9,f,A,sp,RNA14,
-15,10,r,U,sp,RNA14,
-14,11,d,T,sp,RNA14,
-13,12,d,T,p,RNA14,
-12,13,m,C,sp,RNA14,
-11,14,r,C,sp,RNA14,
-10,15,d,C,p,RNA14,
-9,16,f,C,sp,RNA14,
-8,17,f,C,sp,RNA14,
-7,18,f,A,sp,RNA14,
-6,19,d,T,p,RNA14,
-5,20,m,G,p,RNA14,
-4,21,d,T,sp,RNA14,
-3,22,r,U,p,RNA14,
-2,23,d,T,sp,RNA14,
-1,24,d,T,p,RNA14,
0,25,d,T,sp,RNA14,
1,26,r,C,sp,RNA14,
2,27,d,T,p,RNA14,
3,28,d,T,sp,RNA14,
4,29,r,U,sp,RNA14,
5,30,r,C,p,RNA14,
6,31,d,T,p,RNA14,
7,32,d,A,sp,RNA14,
8,33,r,C,p,RNA14,
9,34,d,T,sp,RNA14,
10,35,r,U,sp,RNA14,
11,36,r,U,p,RNA14,
12,37,r,U,sp,RNA14,
13,38,r,U,,RNA14,
-9,1,d,C,sp,RNA15,
-8,2,f,A,sp,RNA15,
-7,3,f,C,p,RNA15,
-6,4,r,C,p,RNA15,
-5,5,f,G,sp,RNA15,
-4,6,f,G,p,RNA15,
-3,7,d,T,p,RNA15,
-2,8,m,G,sp,RNA15,
-1,9,f,A,p,RNA15,
0,10,r,U,sp,RNA15,
1,11,r,G,sp,RNA15,
2,12,r,U,sp,RNA15,
3,13,m,A,sp,RNA15,
4,14,d,T,sp,RNA15,
5,15,d,G,sp,RNA15,
6,16,d,T,sp,RNA15,
7,17,d,T,sp,RNA15,
8,18,m,G,sp,RNA15,
9,19,f,G,sp,RNA15,
10,20,d,T,sp,RNA15,
11,21,d,T,p,RNA15,
12,22,d,T,sp,RNA15,
13,23,f,C,p,RNA15,
14,24,d,G,sp,RNA15,
15,25,m,A,sp,RNA15,
16,26,m,C,p,RNA15,
17,27,r,U,sp,RNA15,
18,28,r,U,p,RNA15,
19,29,d,C,sp,RNA15,
20,30,d,C,,RNA15,
-19,1,d,T,p,RNA16,
-18,2,d,T,p,RNA16,
-17,3,f,G,p,RNA16,
-16,4,d,A,sp,RNA16,
-15,5,r,A,p,RNA16,
-14,6,r,U,p,RNA16,
-13,7,d,C,sp,RNA16,
-12,8,m,A,p,RNA16,
-11,9,m,C,p,RNA16,
-10,10,m,C,p,RNA16,
-9,11,r,U,p,RNA16,
-8,12,r,U,p,RNA16,
-7,13,d,T,sp,RNA16,
-6,14,r,A,p,RNA16,
-5,15,r,G,p,RNA16,
-4,16,r,G,p,RNA16,
-3,17,d,C,p,RNA16,
-2,18,r,U,p,RNA16,
-1,19,d,T,p,RNA16,
0,20,r,A,sp,RNA16,
1,21,f,G,sp,RNA16,
2,22,f,G,p,RNA16,
3,23,d,C,p,RNA16,
4,24,d,C,sp,RNA16,
5,25,r,A,p,RNA16,
6,26,r,U,p,RNA16,
7,27,d,T,sp,RNA16,
8,28,r,U,sp,RNA16,
9,29,f,G,sp,RNA16,
10,30,d,G,p,RNA16,
11,31,f,C,p,RNA16,
12,32,r,U,sp,RNA16,
13,33,d,T,p,RNA16,
14,34,r,U,sp,RNA16,
15,35,r,U,p,RNA16,
16,36,f,G,p,RNA16,
17,37,f,G,sp,RNA16,
18,38,d,T,sp,RNA16,
19,39,f,G,sp,RNA16,
20,40,r,G,sp,RNA16,
21,41,f,C,sp,RNA16,
22,42,d,A,sp,RNA16,
23,43,r,C,p,RNA16,
24,44,f,G,p,RNA16,
25,45,f,A,p,RNA16,
26,46,d,T,p,RNA16,
27,47,f,C,p,RNA16,
28,48,d,T,sp,RNA16,
29,49,m,G,p,RNA16,
30,50,d,C,,RNA16,
-39,1,r,A,p,RNA17,
-38,2,f,G,sp,RNA17,
-37,3,d,T,sp,RNA17,
-36,4,f,C,sp,RNA17,
-35,5,f,C,p,RNA17,
-34,6,d,C,sp,RNA17,
-33,7,d,G,p,RNA17,
-32,8,m,G,p,RNA17,
-31,9,r,A,sp,RNA17,
-30,10,r,G,sp,RNA17,
-29,11,d,A,p,RNA17,
-28,12,f,G,p,RNA17,
-27,13,d,T,p,RNA17,
-26,14,r,U,sp,RNA17,
-25,15,r,A,sp,RNA17,
-24,16,r,U,sp,RNA17,
-23,17,d,C,p,RNA17,
-22,18,r,U,sp,RNA17,
-21,19,r,U,p,RNA17,
-20,20,m,A,sp,RNA17,
-19,21,m,A,sp,RNA17,
-18,22,d,A,sp,RNA17,
-17,23,f,A,sp,RNA17,
-16,24,f,G,p,RNA17,
-15,25,r,U,p,RNA17,
-14,26,d,T,p,RNA17,
-13,27,d,T,p,RNA17,
-12,28,d,T,sp,RNA17,
-11,29,r,G,p,RNA17,
-10,30,m,G,sp,RNA17,
-9,31,r,U,p,RNA17,
-8,32,d,T,sp,RNA17,
-7,33,m,C,p,RNA17,
-6,34,r,U,sp,RNA17,
-5,35,r,C,sp,RNA17,
-4,36,r,U,sp,RNA17,
-3,37,f,C,sp,RNA17,
-2,38,f,A,p,RNA17,
-1,39,d,T,p,RNA17,
0,40,f,G,sp,RNA17,
1,41,d,A,p,RNA17,
2,42,f,A,sp,RNA17,
3,43,r,A,sp,RNA17,
4,44,m,G,,RNA17,
-4,1,d,T,p,RNA18,
-3,2,f,G,sp,RNA18,
-2,3,d,C,p,RNA18,
-1,4,r,A,sp,RNA18,
0,5,d,T,p,RNA18,
1,6,d,T,sp,RNA18,
2,7,r,A,p,RNA18,
3,8,m,A,sp,RNA18,
4,9,d,T,p,RNA18,
5,10,d,T,sp,RNA18,
6,11,d,C,sp,RNA18,
7,12,d,T,p,RNA18,
8,13,r,U,sp,RNA18,
9,14,d,C,sp,RNA18,
10,15,d,G,p,RNA18,
11,16,f,C,sp,RNA18,
12,17,r,G,sp,RNA18,
13,18,d,A,sp,RNA18,
14,19,d,A,p,RNA18,
15,20,d,T,p,RNA18,
16,21,r,U,p,RNA18,
17,22,d,T,p,RNA18,
18,23,r,U,p,RNA18,
19,24,r,G,p,RNA18,
20,25,r,G,p,RNA18,
21,26,r,U,sp,RNA18,
22,27,m,C,sp,RNA18,
23,28,m,G,sp,RNA18,
24,29,d,T,sp,RNA18,
25,30,r,C,sp,RNA18,
26,31,m,C,p,RNA18,
27,32,m,G,p,RNA18,
28,33,f,A,sp,RNA18,
29,34,d,T,sp,RNA18,
30,35,d,T,sp,RNA18,
31,36,d,C,sp,RNA18,
32,37,f,C,sp,RNA18,
33,38,r,U,p,RNA18,
34,39,m,C,p,RNA18,
35,40,d,T,,RNA18,
-29,1,m,A,sp,RNA19,
-28,2,m,A,p,RNA19,
-27,3,m,C,sp,RNA19,
-26,4,m,A,p,RNA19,
-25,5,d,T,p,RNA19,
-24,6,d,A,p,RNA19,
-23,7,r,U,p,RNA19,
-22,8,r,U,p,RNA19,
-21,9,r,C,p,RNA19,
-20,10,r,G,p,RNA19,
-19,11,m,G,sp,RNA19,
-18,12,d,T,sp,RNA19,
-17,13,m,G,sp,RNA19,
-16,14,r,G,sp,RNA19,
-15,15,d,C,sp,RNA19,
-14,16,d,C,p,RNA19,
-13,17,m,A,p,RNA19,
-12,18,m,C,p,RNA19,
-11,19,d,T,p,RNA19,
-10,20,f,C,p,RNA19,
-9,21,r,U,p,RNA19,
-8,22,d,G,sp,RNA19,
-7,23,f,G,sp,RNA19,
-6,24,r,A,p,RNA19,
-5,25,d,T,p,RNA19,
-4,26,d,T,sp,RNA19,
-3,27,d,C,sp,RNA19,
-2,28,d,C,sp,RNA19,
-1,29,f,G,p,RNA19,
0,30,m,C,p,RNA19,
1,31,d,G,p,RNA19,
2,32,d,T,p,RNA19,
3,33,m,A,sp,RNA19,
4,34,d,A,,RNA19,
-4,1,d,A,p,RNA20,
-3,2,r,U,sp,RNA20,
-2,3,d,T,sp,RNA20,
-1,4,m,C,p,RNA20,
0,5,m,C,sp,RNA20,
1,6,r,U,sp,RNA20,
2,7,d,C,sp,RNA20,
3,8,m,G,p,RNA20,
4,9,d,C,p,RNA20,
5,10,r,C,sp,RNA20,
6,11,r,U,sp,RNA20,
7,12,r,U,sp,RNA20,
8,13,r,G,p,RNA20,
9,14,r,G,sp,RNA20,
10,15,r,G,sp,RNA20,
11,16,d,A,sp,RNA20,
12,17,r,U,sp,RNA20,
13,18,d,T,sp,RNA20,
14,19,f,G,p,RNA20,
15,20,r,U,sp,RNA20,
16,21,m,G,sp,RNA20,
17,22,r,U,p,RNA20,
18,23,r,U,p,RNA20,
19,24,m,A,p,RNA20,
20,25,f,C,sp,RNA20,
21,26,m,G,p,RNA20,
22,27,f,A,sp,RNA20,
23,28,d,T,sp,RNA20,
24,29,d,C,sp,RNA20,
25,30,r,C,sp,RNA20,
26,31,d,A,p,RNA20,
27,32,m,A,sp,RNA20,
28,33,d,T,sp,RNA20,
29,34,d,T,p,RNA20,
30,35,r,U,sp,RNA20,
31,36,d,T,p,RNA20,
32,37,d,A,p,RNA20,
33,38,f,C,sp,RNA20,
34,39,r,C,p,RNA20,
35,40,d,T,,RNA20,
-29,1,r,U,p,RNA21,
-28,2,f,C,sp,RNA21,
-27,3,f,C,sp,RNA21,
-26,4,r,A,sp,RNA21,
-25,5,d,G,p,RNA21,
-24,6,r,C,p,RNA21,
-23,7,m,A,p,RNA21,
-22,8,d,T,sp,RNA21,
-21,9,d,T,p,RNA21,
-20,10,m,C,sp,RNA21,
-19,11,r,U,p,RNA21,
-18,12,f,C,p,RNA21,
-17,13,d,G,p,RNA21,
-16,14,d,T,p,RNA21,
-15,15,r,U,sp,RNA21,
-14,16,r,A,p,RNA21,
-13,17,r,A,sp,RNA21,
-12,18,m,C,p,RNA21,
-11,19,d,T,p,RNA21,
-10,20,d,G,sp,RNA21,
-9,21,r,C,p,RNA21,
-8,22,d,T,sp,RNA21,
-7,23,r,C,p,RNA21,
-6,24,d,T,p,RNA21,
-5,25,m,C,sp,RNA21,
-4,26,d,C,sp,RNA21,
-3,27,d,T,p,RNA21,
-2,28,r,U,p,RNA21,
-1,29,f,A,sp,RNA21,
0,30,r,U,sp,RNA21,
1,31,r,U,p,RNA21,
2,32,d,T,p,RNA21,
3,33,d,C,sp,RNA21,
4,34,f,A,,RNA21,
-14,1,r,A,p,RNA22,
-13,2,r,U,sp,RNA22,
-12,3,d,T,sp,RNA22,
-11,4,f,G,p,RNA22,
-10,5,r,G,sp,RNA22,
-9,6,d,T,p,RNA22,
-8,7,r,U,p,RNA22,
-7,8,f,C,sp,RNA22,
-6,9,m,G,p,RNA22,
-5,10,m,G,p,RNA22,
-4,11,d,A,sp,RNA22,
-3,12,r,U,sp,RNA22,
-2,13,f,A,sp,RNA22,
-1,14,r,A,p,RNA22,
0,15,r,C,p,RNA22,
1,16,r,U,p,RNA22,
2,17,r,C,p,RNA22,
3,18,m,A,p,RNA22,
4,19,r,C,sp,RNA22,
5,20,m,A,sp,RNA22,
6,21,r,U,p,RNA22,
7,22,r,A,p,RNA22,
8,23,r,A,sp,RNA22,
9,24,d,T,sp,RNA22,
10,25,r,U,sp,RNA22,
11,26,d,A,sp,RNA22,
12,27,r,U,sp,RNA22,
13,28,m,A,sp,RNA22,
14,29,r,U,p,RNA22,
15,30,d,C,sp,RNA22,
16,31,d,C,p,RNA22,
17,32,d,T,sp,RNA22,
18,33,d,T,sp,RNA22,
19,34,r,U,,RNA22,
-14,1,r,C,p,RNA23,
-13,2,m,C,sp,RNA23,
-12,3,d,T,p,RNA23,
-11,4,d,T,p,RNA23,
-10,5,r,A,p,RNA23,
-9,6,d,T,sp,RNA23,
-8,7,r,C,p,RNA23,
-7,8,d,G,p,RNA23,
-6,9,r,A,sp,RNA23,
-5,10,f,A,p,RNA23,
-4,11,m,G,p,RNA23,
-3,12,r,G,sp,RNA23,
-2,13,f,G,sp,RNA23,
-1,14,r,U,p,RNA23,
0,15,d,T,sp,RNA23,
1,16,d,T,p,RNA23,
2,17,d,T,sp,RNA23,
3,18,f,A,sp,RNA23,
4,19,r,A,sp,RNA23,
5,20,r,C,p,RNA23,
6,21,r,U,sp,RNA23,
7,22,f,C,p,RNA23,
8,23,r,A,p,RNA23,
9,24,r,U,sp,RNA23,
10,25,d,T,p,RNA23,
11,26,f,A,p,RNA23,
12,27,d,T,sp,RNA23,
13,28,d,T,sp,RNA23,
14,29,d,G,p,RNA23,
15,30,f,C,,RNA23,
-4,1,r,U,sp,RNA24,
-3,2,m,A,sp,RNA24,
-2,3,f,C,sp,RNA24,
-1,4,d,T,sp,RNA24,
0,5,r,U,sp,RNA24,
1,6,r,U,p,RNA24,
2,7,r,A,sp,RNA24,
3,8,r,U,p,RNA24,
4,9,d,T,p,RNA24,
5,10,r,U,p,RNA24,
6,11,f,C,p,RNA24,
7,12,d,T,p,RNA24,
8,13,r,U,sp,RNA24,
9,14,r,U,sp,RNA24,
10,15,d,A,sp,RNA24,
11,16,d,G,sp,RNA24,
12,17,r,U,p,RNA24,
13,18,r,C,sp,RNA24,
14,19,r,U,sp,RNA24,
15,20,r,A,sp,RNA24,
16,21,r,C,sp,RNA24,
17,22,r,U,p,RNA24,
18,23,m,G,sp,RNA24,
19,24,m,G,p,RNA24,
20,25,f,A,p,RNA24,
21,26,r,U,sp,RNA24,
22,27,r,U,p,RNA24,
23,28,f,G,sp,RNA24,
24,29,d,T,sp,RNA24,
25,30,m,G,sp,RNA24,
26,31,d,A,p,RNA24,
27,32,d,T,sp,RNA24,
28,33,d,T,sp,RNA24,
29,34,d,G,p,RNA24,
30,35,r,A,sp,RNA24,
31,36,r,U,sp,RNA24,
32,37,d,T,sp,RNA24,
33,38,f,A,p,RNA24,
34,39,f,C,sp,RNA24,
35,40,r,U,sp,RNA24,
36,41,r,U,p,RNA24,
37,42,d,T,sp,RNA24,
38,43,f,A,p,RNA24,
39,44,f,G,,RNA24,
-29,1,f,G,sp,RNA25,
-28,2,r,U,p,RNA25,
-27,3,m,A,p,RNA25,
-26,4,m,G,p,RNA25,
-25,5,f,C,sp,RNA25,
-24,6,d,G,p,RNA25,
-23,7,d,A,sp,RNA25,
-22,8,r,U,p,RNA25,
-21,9,r,A,sp,RNA25,
-20,10,r,U,p,RNA25,
-19,11,r,A,p,RNA25,
-18,12,r,A,p,RNA25,
-17,13,d,T,p,RNA25,
-16,14,m,A,p,RNA25,
-15,15,f,C,p,RNA25,
-14,16,f,C,p,RNA25,
-13,17,d,C,sp,RNA25,
-12,18,d,T,sp,RNA25,
-11,19,d,T,p,RNA25,
-10,20,d,T,p,RNA25,
-9,21,d,A,sp,RNA25,
-8,22,f,G,sp,RNA25,
-7,23,r,U,sp,RNA25,
-6,24,m,A,sp,RNA25,
-5,25,d,T,sp,RNA25,
-4,26,r,G,sp,RNA25,
-3,27,d,T,p,RNA25,
-2,28,d,C,sp,RNA25,
-1,29,d,C,sp,RNA25,
0,30,f,A,p,RNA25,
1,31,r,A,sp,RNA25,
2,32,r,A,p,RNA25,
3,33,d,T,p,RNA25,
4,34,m,A,,RNA25,
-24,1,m,C,sp,RNA26,
-23,2,m,A,p,RNA26,
-22,3,m,A,sp,RNA26,
-21,4,f,G,sp,RNA26,
-20,5,r,G,sp,RNA26,
-19,6,r,U,sp,RNA26,
-18,7,d,A,p,RNA26,
-17,8,f,A,p,RNA26,
-16,9,r,C,sp,RNA26,
-15,10,r,C,sp,RNA26,
-14,11,r,U,p,RNA26,
-13,12,r,U,sp,RNA26,
-12,13,r,U,sp,RNA26,
-11,14,d,T,p,RNA26,
-10,15,r,C,p,RNA26,
-9,16,f,G,sp,RNA26,
-8,17,r,G,p,RNA26,
-7,18,m,A,p,RNA26,
-6,19,d,G,sp,RNA26,
-5,20,m,C,p,RNA26,
-4,21,f,C,p,RNA26,
-3,22,r,G,sp,RNA26,
-2,23,d,T,p,RNA26,
-1,24,r,U,sp,RNA26,
0,25,f,C,p,RNA26,
1,26,m,A,sp,RNA26,
2,27,f,G,sp,RNA26,
3,28,d,T,sp,RNA26,
4,29,d,T,p,RNA26,
5,30,d,T,,RNA26,
-34,1,r,A,sp,RNA27,
-33,2,r,U,sp,RNA27,
-32,3,d,T,p,RNA27,
-31,4,d,C,p,RNA27,
-30,5,r,U,p,RNA27,
-29,6,d,C,p,RNA27,
-28,7,d,C,p,RNA27,
-27,8,d,T,p,RNA27,
-26,9,r,U,sp,RNA27,
-25,10,r,U,p,RNA27,
-24,11,r,G,sp,RNA27,
-23,12,d,T,sp,RNA27,
-22,13,d,T,sp,RNA27,
-21,14,f,G,sp,RNA27,
-20,15,d,C,p,RNA27,
-19,16,m,G,sp,RNA27,
-18,17,d,A,sp,RNA27,
-17,18,r,U,sp,RNA27,
-16,19,r,U,p,RNA27,
-15,20,r,U,sp,RNA27,
-14,21,r,G,p,RNA27,
-13,22,r,G,p,RNA27,
-12,23,d,T,p,RNA27,
-11,24,f,C,sp,RNA27,
-10,25,f,G,sp,RNA27,
-9,26,d,T,p,RNA27,
-8,27,d,T,p,RNA27,
-7,28,d,T,sp,RNA27,
-6,29,d,T,sp,RNA27,
-5,30,m,C,sp,RNA27,
-4,31,r,U,sp,RNA27,
-3,32,f,C,sp,RNA27,
-2,33,f,A,sp,RNA27,
-1,34,m,G,sp,RNA27,
0,35,d,T,p,RNA27,
1,36,r,A,,RNA27,
-19,1,f,C,p,RNA28,
-18,2,d,C,sp,RNA28,
-17,3,d,G,sp,RNA28,
-16,4,r,U,p,RNA28,
-15,5,d,T,p,RNA28,
-14,6,d,A,sp,RNA28,
-13,7,f,A,p,RNA28,
-12,8,d,T,sp,RNA28,
-11,9,f,A,p,RNA28,
-10,10,d,T,sp,RNA28,
-9,11,r,U,p,RNA28,
-8,12,m,A,sp,RNA28,
-7,13,f,C,sp,RNA28,
-6,14,d,C,sp,RNA28,
-5,15,d,T,p,RNA28,
-4,16,r,C,sp,RNA28,
-3,17,d,T,p,RNA28,
-2,18,r,A,p,RNA28,
-1,19,d,T,sp,RNA28,
0,20,d,G,p,RNA28,
1,21,m,A,p,RNA28,
2,22,r,U,sp,RNA28,
3,23,d,T,sp,RNA28,
4,24,d,T,p,RNA28,
5,25,m,C,sp,RNA28,
6,26,f,G,sp,RNA28,
7,27,d,T,p,RNA28,
8,28,r,U,sp,RNA28,
9,29,r,U,p,RNA28,
10,30,d,T,sp,RNA28,
11,31,r,U,p,RNA28,
12,32,d,T,sp,RNA28,
13,33,f,A,p,RNA28,
14,34,r,U,p,RNA28,
15,35,r,U,p,RNA28,
16,36,d,G,p,RNA28,
17,37,d,T,p,RNA28,
18,38,r,C,,RNA28,
-19,1,d,C,sp,RNA29,
-18,2,d,G,p,RNA29,
-17,3,r,G,sp,RNA29,
-16,4,r,U,sp,RNA29,
-15,5,f,A,p,RNA29,
-14,6,m,A,p,RNA29,
-13,7,d,C,p,RNA29,
-12,8,r,U,sp,RNA29,
-11,9,r,U,p,RNA29,
-10,10,r,A,p,RNA29,
-9,11,r,U,p,RNA29,
-8,12,m,G,sp,RNA29,
-7,13,d,G,sp,RNA29,
-6,14,f,G,p,RNA29,
-5,15,f,C,sp,RNA29,
-4,16,r,C,p,RNA29,
-3,17,m,C,p,RNA29,
-2,18,r,U,sp,RNA29,
-1,19,r,U,p,RNA29,
0,20,d,C,p,RNA29,
1,21,r,U,p,RNA29,
2,22,d,G,sp,RNA29,
3,23,r,G,sp,RNA29,
4,24,r,U,p,RNA29,
5,25,f,G,p,RNA29,
6,26,f,A,p,RNA29,
7,27,d,C,sp,RNA29,
8,28,m,A,sp,RNA29,
9,29,r,U,sp,RNA29,
10,30,r,G,sp,RNA29,
11,31,f,C,sp,RNA29,
12,32,f,C,sp,RNA29,
13,33,d,T,sp,RNA29,
14,34,r,U,sp,RNA29,
15,35,r,U,p,RNA29,
16,36,d,G,p,RNA29,
17,37,f,C,sp,RNA29,
18,38,f,C,sp,RNA29,
19,39,d,G,sp,RNA29,
20,40,m,C,p,RNA29,
21,41,d,G,sp,RNA29,
22,42,d,C,sp,RNA29,
23,43,r,C,sp,RNA29,
24,44,d,A,p,RNA29,
25,45,r,U,p,RNA29,
26,46,r,U,,RNA29,
-19,1,d,T,p,RNA30,
-18,2,d,T,sp,RNA30,
-17,3,d,T,sp,RNA30,
-16,4,r,U,sp,RNA30,
-15,5,m,A,p,RNA30,
-14,6,d,C,sp,RNA30,
-13,7,r,U,p,RNA30,
-12,8,f,G,sp,RNA30,
-11,9,r,U,sp,RNA30,
-10,10,f,G,sp,RNA30,
-9,11,d,T,sp,RNA30,
-8,12,d,C,p,RNA30,
-7,13,d,G,p,RNA30,
-6,14,d,T,p,RNA30,
-5,15,d,T,sp,RNA30,
-4,16,f,C,sp,RNA30,
-3,17,r,C,sp,RNA30,
-2,18,r,U,p,RNA30,
-1,19,r,A,sp,RNA30,
0,20,d,C,p,RNA30,
1,21,r,U,sp,RNA30,
2,22,r,A,sp,RNA30,
3,23,m,G,p,RNA30,
4,24,m,C,p,RNA30,
5,25,r,C,sp,RNA30,
6,26,f,C,sp,RNA30,
7,27,d,G,p,RNA30,
8,28,m,G,sp,RNA30,
9,29,r,U,sp,RNA30,
10,30,f,C,p,RNA30,
11,31,r,C,sp,RNA30,
12,32,r,U,p,RNA30,
13,33,m,G,p,RNA30,
14,34,r,U,sp,RNA30,
15,35,m,G,p,RNA30,
16,36,f,A,sp,RNA30,
17,37,f,A,sp,RNA30,
18,38,d,T,p,RNA30,
19,39,m,A,p,RNA30,
20,40,r,A,p,RNA30,
21,41,d,T,p,RNA30,
22,42,r,C,p,RNA30,
23,43,r,U,sp,RNA30,
24,44,m,C,p,RNA30,
25,45,d,A,p,RNA30,
26,46,f,A,sp,RNA30,
27,47,d,C,p,RNA30,
28,48,d,T,sp,RNA30,
29,49,m,G,sp,RNA30,
30,50,d,T,,RNA30,
-24,1,d,A,sp,RNA31,
-23,2,m,C,p,RNA31,
-22,3,d,C,sp,RNA31,
-21,4,r,U,sp,RNA31,
-20,5,d,G,sp,RNA31,
-19,6,r,A,sp,RNA31,
-18,7,r,G,p,RNA31,
-17,8,r,C,sp,RNA31,
-16,9,r,U,sp,RNA31,
-15,10,d,C,sp,RNA31,
-14,11,m,C,p,RNA31,
-13,12,r,U,p,RNA31,
-12,13,r,C,sp,RNA31,
-11,14,r,A,sp,RNA31,
-10,15,d,G,sp,RNA31,
-9,16,d,T,p,RNA31,
-8,17,r,A,sp,RNA31,
-7,18,f,A,sp,RNA31,
-6,19,m,C,p,RNA31,
-5,20,f,G,p,RNA31,
-4,21,f,G,sp,RNA31,
-3,22,d,T,sp,RNA31,
-2,23,d,T,p,RNA31,
-1,24,d,T,p,RNA31,
0,25,d,C,sp,RNA31,
1,26,f,G,p,RNA31,
2,27,m,A,p,RNA31,
3,28,m,C,sp,RNA31,
4,29,f,G,sp,RNA31,
5,30,m,C,sp,RNA31,
6,31,d,C,sp,RNA31,
7,32,f,C,sp,RNA31,
8,33,f,G,p,RNA31,
9,34,d,C,sp,RNA31,
10,35,m,A,p,RNA31,
11,36,r,U,p,RNA31,
12,37,f,A,p,RNA31,
13,38,f,C,sp,RNA31,
14,39,d,T,p,RNA31,
15,40,f,A,p,RNA31,
16,41,d,C,p,RNA31,
17,42,r,G,sp,RNA31,
18,43,d,T,p,RNA31,
19,44,r,C,sp,RNA31,
20,45,m,G,sp,RNA31,
21,46,f,G,p,RNA31,
22,47,r,A,p,RNA31,
23,48,d,T,sp,RNA31,
24,49,m,C,p,RNA31,
25,50,r,G,,RNA31,
-29,1,r,U,p,RNA32,
-28,2,r,U,sp,RNA32,
-27,3,r,C,p,RNA32,
-26,4,d,C,p,RNA32,
-25,5,f,A,p,RNA32,
-24,6,m,A,sp,RNA32,
-23,7,m,G,sp,RNA32,
-22,8,d,G,sp,RNA32,
-21,9,r,U,p,RNA32,
-20,10,m,A,p,RNA32,
-19,11,d,C,p,RNA32,
-18,12,r,U,sp,RNA32,
-17,13,d,A,p,RNA32,
-16,14,f,C,sp,RNA32,
-15,15,d,T,sp,RNA32,
-14,16,d,T,p,RNA32,
-13,17,d,T,p,RNA32,
-12,18,r,C,p,RNA32,
-11,19,d,G,sp,RNA32,
-10,20,f,C,p,RNA32,
-9,21,d,T,sp,RNA32,
-8,22,r,U,sp,RNA32,
-7,23,r,U,p,RNA32,
-6,24,m,A,p,RNA32,
-5,25,m,C,sp,RNA32,
-4,26,f,A,sp,RNA32,
-3,27,r,U,p,RNA32,
-2,28,m,C,sp,RNA32,
-1,29,d,T,sp,RNA32,
0,30,m,C,sp,RNA32,
1,31,f,G,sp,RNA32,
2,32,r,G,sp,RNA32,
3,33,d,T,sp,RNA32,
4,34,d,T,p,RNA32,
5,35,f,G,sp,RNA32,
6,36,r,U,p,RNA32,
7,37,m,A,p,RNA32,
8,38,d,T,p,RNA32,
9,39,r,U,p,RNA32,
10,40,d,T,p,RNA32,
11,41,m,G,sp,RNA32,
12,42,r,U,sp,RNA32,
13,43,d,T,sp,RNA32,
14,44,m,C,sp,RNA32,
15,45,r,U,p,RNA32,
16,46,d,A,sp,RNA32,
17,47,r,U,sp,RNA32,
18,48,r,G,,RNA32,
-9,1,r,U,sp,RNA33,
-8,2,r,G,p,RNA33,
-7,3,r,G,sp,RNA33,
-6,4,d,T,sp,RNA33,
-5,5,f,C,sp,RNA33,
-4,6,r,U,p,RNA33,
-3,7,f,A,p,RNA33,
-2,8,m,G,sp,RNA33,
-1,9,r,G,p,RNA33,
0,10,d,T,p,RNA33,
1,11,m,A,sp,RNA33,
2,12,f,C,sp,RNA33,
3,13,m,A,p,RNA33,
4,14,f,G,sp,RNA33,
5,15,r,G,sp,RNA33,
6,16,d,T,sp,RNA33,
7,17,d,T,sp,RNA33,
8,18,r,U,sp,RNA33,
9,19,r,G,p,RNA33,
10,20,f,A,p,RNA33,
11,21,m,G,sp,RNA33,
12,22,d,G,sp,RNA33,
13,23,d,T,sp,RNA33,
14,24,f,G,p,RNA33,
15,25,m,G,sp,RNA33,
16,26,d,C,p,RNA33,
17,27,r,U,p,RNA33,
18,28,d,T,p,RNA33,
19,29,d,T,sp,RNA33,
20,30,d,G,sp,RNA33,
21,31,f,G,sp,RNA33,
22,32,f,A,,RNA33,
-44,1,d,G,sp,RNA34,
-43,2,d,T,p,RNA34,
-42,3,r,G,p,RNA34,
-41,4,d,T,sp,RNA34,
-40,5,d,T,sp,RNA34,
-39,6,d,C,sp,RNA34,
-38,7,r,C,p,RNA34,
-37,8,r,U,p,RNA34,
-36,9,r,U,sp,RNA34,
-35,10,m,G,sp,RNA34,
-34,11,d,T,p,RNA34,
-33,12,d,T,sp,RNA34,
-32,13,m,C,p,RNA34,
-31,14,d,T,sp,RNA34,
-30,15,m,C,p,RNA34,
-29,16,r,U,sp,RNA34,
-28,17,d,G,p,RNA34,
-27,18,d,T,p,RNA34,
-26,19,f,G,sp,RNA34,
-25,20,r,C,sp,RNA34,
-24,21,d,T,p,RNA34,
-23,22,d,T,p,RNA34,
-22,23,d,T,sp,RNA34,
-21,24,d,C,p,RNA34,
-20,25,d,T,p,RNA34,
-19,26,r,G,sp,RNA34,
-18,27,m,A,p,RNA34,
-17,28,d,T,p,RNA34,
-16,29,d,T,p,RNA34,
-15,30,m,G,sp,RNA34,
-14,31,m,A,p,RNA34,
-13,32,m,C,p,RNA34,
-12,33,r,U,p,RNA34,
-11,34,f,A,sp,RNA34,
-10,35,r,C,p,RNA34,
-9,36,d,T,p,RNA34,
-8,37,d,T,p,RNA34,
-7,38,d,T,p,RNA34,
-6,39,d,T,sp,RNA34,
-5,40,r,U,p,RNA34,
-4,41,r,U,p,RNA34,
-3,42,d,T,p,RNA34,
-2,43,m,C,sp,RNA34,
-1,44,d,A,sp,RNA34,
0,45,r,A,sp,RNA34,
1,46,r,U,sp,RNA34,
2,47,d,G,sp,RNA34,
3,48,m,A,sp,RNA34,
4,49,r,U,sp,RNA34,
5,50,r,U,,RNA34,
-9,1,f,G,p,RNA35,
-8,2,m,C,sp,RNA35,
-7,3,d,G,p,RNA35,
-6,4,r,A,p,RNA35,
-5,5,d,C,sp,RNA35,
-4,6,r,G,sp,RNA35,
-3,7,r,U,sp,RNA35,
-2,8,r,U,p,RNA35,
-1,9,m,C,sp,RNA35,
0,10,r,U,p,RNA35,
1,11,d,G,sp,RNA35,
2,12,d,C,p,RNA35,
3,13,f,G,p,RNA35,
4,14,r,U,sp,RNA35,
5,15,r,A,p,RNA35,
6,16,d,T,p,RNA35,
7,17,d,T,sp,RNA35,
8,18,d,C,p,RNA35,
9,19,f,C,p,RNA35,
10,20,r,C,p,RNA35,
11,21,d,T,sp,RNA35,
12,22,r,U,sp,RNA35,
13,23,d,C,p,RNA35,
14,24,r,U,sp,RNA35,
15,25,f,C,sp,RNA35,
16,26,d,G,sp,RNA35,
17,27,d,G,p,RNA35,
18,28,d,A,sp,RNA35,
19,29,r,U,sp,RNA35,
20,30,m,A,sp,RNA35,
21,31,d,T,p,RNA35,
22,32,d,T,sp,RNA35,
23,33,m,C,sp,RNA35,
24,34,f,C,p,RNA35,
25,35,d,T,sp,RNA35,
26,36,d,T,,RNA35,
-39,1,m,A,sp,RNA36,
-38,2,d,T,p,RNA36,
-37,3,d,C,p,RNA36,
-36,4,d,C,sp,RNA36,
-35,5,d,T,sp,RNA36,
-34,6,d,C,sp,RNA36,
-33,7,r,A,p,RNA36,
-32,8,f,A,sp,RNA36,
-31,9,f,A,p,RNA36,
-30,10,d,G,p,RNA36,
-29,11,d,A,sp,RNA36,
-28,12,r,A,p,RNA36,
-27,13,d,T,sp,RNA36,
-26,14,f,C,sp,RNA36,
-25,15,d,C,p,RNA36,
-24,16,d,T,sp,RNA36,
-23,17,d,A,p,RNA36,
-22,18,d,G,sp,RNA36,
-21,19,d,T,sp,RNA36,
-20,20,d,T,p,RNA36,
-19,21,d,C,p,RNA36,
-18,22,r,U,sp,RNA36,
-17,23,m,G,p,RNA36,
-16,24,d,C,p,RNA36,
-15,25,d,T,p,RNA36,
-14,26,r,U,p,RNA36,
-13,27,r,U,sp,RNA36,
-12,28,d,A,p,RNA36,
-11,29,d,C,p,RNA36,
-10,30,d,A,sp,RNA36,
-9,31,r,G,p,RNA36,
-8,32,f,A,sp,RNA36,
-7,33,r,U,p,RNA36,
-6,34,r,U,p,RNA36,
-5,35,r,U,p,RNA36,
-4,36,d,A,p,RNA36,
-3,37,m,C,sp,RNA36,
-2,38,d,T,sp,RNA36,
-1,39,d,C,sp,RNA36,
0,40,f,G,,RNA36,
-14,1,d,T,sp,RNA37,
-13,2,d,T,sp,RNA37,
-12,3,f,A,sp,RNA37,
-11,4,r,C,sp,RNA37,
-10,5,d,T,p,RNA37,
-9,6,f,A,p,RNA37,
-8,7,f,A,sp,RNA37,
-7,8,r,U,p,RNA37,
-6,9,f,C,sp,RNA37,
-5,10,d,T,p,RNA37,
-4,11,r,C,p,RNA37,
-3,12,m,C,sp,RNA37,
-2,13,d,G,p,RNA37,
-1,14,d,T,sp,RNA37,
0,15,f,G,p,RNA37,
1,16,d,G,sp,RNA37,
2,17,d,G,sp,RNA37,
3,18,d,C,p,RNA37,
4,19,d,T,p,RNA37,
5,20,r,C,sp,RNA37,
6,21,r,A,sp,RNA37,
7,22,d,G,p,RNA37,
8,23,m,A,p,RNA37,
9,24,r,U,p,RNA37,
10,25,f,A,p,RNA37,
11,26,r,U,sp,RNA37,
12,27,d,T,sp,RNA37,
13,28,r,G,p,RNA37,
14,29,r,A,sp,RNA37,
15,30,d,G,,RNA37,
-9,1,m,C,p,RNA38,
-8,2,r,U,sp,RNA38,
-7,3,m,G,sp,RNA38,
-6,4,r,G,p,RNA38,
-5,5,r,U,p,RNA38,
-4,6,d,T,sp,RNA38,
-3,7,d,T,p,RNA38,
-2,8,d,T,sp,RNA38,
-1,9,r,U,p,RNA38,
0,10,d,A,sp,RNA38,
1,11,r,U,sp,RNA38,
2,12,f,C,p,RNA38,
3,13,d,T,sp,RNA38,
4,14,r,G,sp,RNA38,
5,15,d,G,p,RNA38,
6,16,r,U,sp,RNA38,
7,17,r,A,p,RNA38,
8,18,f,A,p,RNA38,
9,19,d,T,p,RNA38,
10,20,d,A,sp,RNA38,
11,21,d,T,p,RNA38,
12,22,f,G,sp,RNA38,
13,23,d,T,p,RNA38,
14,24,r,U,p,RNA38,
15,25,f,A,sp,RNA38,
16,26,d,T,p,RNA38,
17,27,r,U,p,RNA38,
18,28,m,C,sp,RNA38,
19,29,m,C,sp,RNA38,
20,30,r,C,p,RNA38,
21,31,f,A,p,RNA38,
22,32,r,U,p,RNA38,
23,33,d,C,p,RNA38,
24,34,f,G,p,RNA38,
25,35,r,U,sp,RNA38,
26,36,d,G,,RNA38,
-24,1,r,C,sp,RNA39,
-23,2,m,A,p,RNA39,
-22,3,f,G,p,RNA39,
-21,4,r,A,sp,RNA39,
-20,5,d,T,p,RNA39,
-19,6,m,G,p,RNA39,
-18,7,d,T,p,RNA39,
-17,8,m,G,p,RNA39,
-16,9,d,T,p,RNA39,
-15,10,m,G,sp,RNA39,
-14,11,m,C,p,RNA39,
-13,12,r,A,sp,RNA39,
-12,13,r,C,sp,RNA39,
-11,14,f,A,sp,RNA39,
-10,15,d,G,sp,RNA39,
-9,16,f,C,sp,RNA39,
-8,17,r,A,sp,RNA39,
-7,18,m,A,sp,RNA39,
-6,19,d,T,p,RNA39,
-5,20,d,C,sp,RNA39,
-4,21,d,C,p,RNA39,
-3,22,m,A,p,RNA39,
-2,23,r,C,sp,RNA39,
-1,24,d,A,sp,RNA39,
0,25,d,T,p,RNA39,
1,26,d,T,p,RNA39,
2,27,r,U,sp,RNA39,
3,28,d,C,sp,RNA39,
4,29,r,U,sp,RNA39,
5,30,r,A,p,RNA39,
6,31,r,U,p,RNA39,
7,32,r,C,p,RNA39,
8,33,d,T,sp,RNA39,
9,34,d,T,sp,RNA39,
10,35,r,U,p,RNA39,
11,36,r,A,sp,RNA39,
12,37,d,T,p,RNA39,
13,38,r,U,p,RNA39,
14,39,f,G,sp,RNA39,
15,40,f,A,sp,RNA39,
16,41,f,G,sp,RNA39,
17,42,r,G,,RNA39,
-14,1,r,U,sp,RNA40,
-13,2,d,T,p,RNA40,
-12,3,f,C,sp,RNA40,
-11,4,d,T,p,RNA40,
-10,5,d,T,sp,RNA40,
-9,6,r,A,sp,RNA40,
-8,7,r,U,sp,RNA40,
-7,8,m,G,p,RNA40,
-6,9,m,C,p,RNA40,
-5,10,r,C,p,RNA40,
-4,11,r,U,p,RNA40,
-3,12,r,U,sp,RNA40,
-2,13,r,G,sp,RNA40,
-1,14,d,C,sp,RNA40,
0,15,f,C,p,RNA40,
1,16,r,U,p,RNA40,
2,17,d,C,sp,RNA40,
3,18,d,T,sp,RNA40,
4,19,r,U,p,RNA40,
5,20,m,G,sp,RNA40,
6,21,m,G,p,RNA40,
7,22,r,C,sp,RNA40,
8,23,r,C,sp,RNA40,
9,24,r,A,p,RNA40,
10,25,r,A,sp,RNA40,
11,26,f,G,sp,RNA40,
12,27,r,U,sp,RNA40,
13,28,r,U,sp,RNA40,
14,29,d,T,p,RNA40,
15,30,m,G,sp,RNA40,
16,31,r,U,p,RNA40,
17,32,r,A,p,RNA40,
18,33,d,T,p,RNA40,
19,34,f,C,sp,RNA40,
20,35,r,U,sp,RNA40,
21,36,f,A,p,RNA40,
22,37,d,G,p,RNA40,
23,38,r,U,sp,RNA40,
24,39,r,C,p,RNA40,
25,40,d,T,p,RNA40,
26,41,d,A,sp,RNA40,
27,42,d,T,sp,RNA40,
28,43,r,U,p,RNA40,
29,44,d,C,p,RNA40,
30,45,r,U,sp,RNA40,
31,46,f,G,,RNA40,
-24,1,d,T,sp,RNA41,
-23,2,r,C,sp,RNA41,
-22,3,d,C,p,RNA41,
-21,4,d,G,sp,RNA41,
-20,5,f,G,p,RNA41,
-19,6,r,U,sp,RNA41,
-18,7,d,C,sp,RNA41,
-17,8,d,T,sp,RNA41,
-16,9,m,A,sp,RNA41,
-15,10,d,C,p,RNA41,
-14,11,d,T,sp,RNA41,
-13,12,r,U,p,RNA41,
-12,13,r,U,sp,RNA41,
-11,14,f,C,sp,RNA41,
-10,15,r,U,p,RNA41,
-9,16,m,A,p,RNA41,
-8,17,f,G,p,RNA41,
-7,18,r,A,p,RNA41,
-6,19,r,U,p,RNA41,
-5,20,d,T,sp,RNA41,
-4,21,d,G,sp,RNA41,
-3,22,d,T,p,RNA41,
-2,23,d,T,sp,RNA41,
-1,24,m,A,p,RNA41,
0,25,m,G,p,RNA41,
1,26,r,U,p,RNA41,
2,27,r,G,sp,RNA41,
3,28,r,A,p,RNA41,
4,29,f,C,sp,RNA41,
5,30,r,C,,RNA41,
-34,1,d,T,p,RNA42,
-33,2,d,G,sp,RNA42,
-32,3,m,A,p,RNA42,
-31,4,f,C,p,RNA42,
-30,5,r,A,p,RNA42,
-29,6,d,A,sp,RNA42,
-28,7,d,C,sp,RNA42,
-27,8,d,T,p,RNA42,
-26,9,r,U,sp,RNA42,
-25,10,f,C,p,RNA42,
-24,11,d,T,sp,RNA42,
-23,12,f,A,sp,RNA42,
-22,13,r,U,p,RNA42,
-21,14,d,T,sp,RNA42,
-20,15,r,U,sp,RNA42,
-19,16,d,T,p,RNA42,
-18,17,r,G,p,RNA42,
-17,18,r,A,p,RNA42,
-16,19,d,T,sp,RNA42,
-15,20,f,A,sp,RNA42,
-14,21,d,T,sp,RNA42,
-13,22,d,A,p,RNA42,
-12,23,f,G,p,RNA42,
-11,24,f,C,p,RNA42,
-10,25,r,U,sp,RNA42,
-9,26,m,A,sp,RNA42,
-8,27,d,T,p,RNA42,
-7,28,m,G,sp,RNA42,
-6,29,r,U,sp,RNA42,
-5,30,d,T,p,RNA42,
-4,31,d,T,sp,RNA42,
-3,32,d,C,sp,RNA42,
-2,33,f,A,sp,RNA42,
-1,34,r,U,p,RNA42,
0,35,r,G,p,RNA42,
1,36,r,U,sp,RNA42,
2,37,d,T,sp,RNA42,
3,38,d,A,,RNA42,
-19,1,d,T,sp,RNA43,
-18,2,d,T,p,RNA43,
-17,3,d,A,sp,RNA43,
-16,4,r,U,sp,RNA43,
-15,5,d,T,p,RNA43,
-14,6,r,U,sp,RNA43,
-13,7,d,T,p,RNA43,
-12,8,m,G,sp,RNA43,
-11,9,m,A,sp,RNA43,
-10,10,d,A,sp,RNA43,
-9,11,d,G,sp,RNA43,
-8,12,r,U,p,RNA43,
-7,13,d,T,sp,RNA43,
-6,14,d,T,p,RNA43,
-5,15,f,G,p,RNA43,
-4,16,r,G,p,RNA43,
-3,17,f,G,p,RNA43,
-2,18,f,C,p,RNA43,
-1,19,m,A,sp,RNA43,
0,20,r,G,sp,RNA43,
1,21,f,A,sp,RNA43,
2,22,d,T,sp,RNA43,
3,23,r,G,p,RNA43,
4,24,d,G,sp,RNA43,
5,25,d,T,p,RNA43,
6,26,d,T,p,RNA43,
7,27,d,A,p,RNA43,
8,28,f,G,sp,RNA43,
9,29,r,A,sp,RNA43,
10,30,d,T,,RNA43,
-29,1,r,G,sp,RNA44,
-28,2,m,C,p,RNA44,
-27,3,d,G,sp,RNA44,
-26,4,m,A,p,RNA44,
-25,5,d,T,sp,RNA44,
-24,6,r,U,sp,RNA44,
-23,7,r,U,sp,RNA44,
-22,8,m,A,p,RNA44,
-21,9,r,U,p,RNA44,
-20,10,d,C,sp,RNA44,
-19,11,f,A,p,RNA44,
-18,12,d,A,sp,RNA44,
-17,13,f,A,sp,RNA44,
-16,14,d,C,sp,RNA44,
-15,15,r,G,sp,RNA44,
-14,16,r,G,p,RNA44,
-13,17,r,U,p,RNA44,
-12,18,d,A,sp,RNA44,
-11,19,r,C,p,RNA44,
-10,20,d,G,p,RNA44,
-9,21,d,G,sp,RNA44,
-8,22,m,C,sp,RNA44,
-7,23,r,C,p,RNA44,
-6,24,m,G,sp,RNA44,
-5,25,f,A,sp,RNA44,
-4,26,d,G,p,RNA44,
-3,27,f,G,p,RNA44,
-2,28,f,G,p,RNA44,
-1,29,d,T,sp,RNA44,
0,30,m,A,p,RNA44,
1,31,d,C,sp,RNA44,
2,32,d,G,p,RNA44,
3,33,r,U,sp,RNA44,
4,34,d,T,,RNA44,
-14,1,r,C,p,RNA45,
-13,2,m,G,sp,RNA45,
-12,3,d,T,p,RNA45,
-11,4,d,C,sp,RNA45,
-10,5,f,C,p,RNA45,
-9,6,d,A,sp,RNA45,
-8,7,m,G,sp,RNA45,
-7,8,r,U,sp,RNA45,
-6,9,m,A,sp,RNA45,
-5,10,d,T,sp,RNA45,
-4,11,r,U,p,RNA45,
-3,12,m,A,p,RNA45,
-2,13,r,G,p,RNA45,
-1,14,d,G,p,RNA45,
0,15,r,G,p,RNA45,
1,16,r,U,sp,RNA45,
2,17,r,U,sp,RNA45,
3,18,d,T,p,RNA45,
4,19,m,C,sp,RNA45,
5,20,d,T,p,RNA45,
6,21,d,T,p,RNA45,
7,22,m,G,sp,RNA45,
8,23,m,G,p,RNA45,
9,24,d,T,sp,RNA45,
10,25,m,C,sp,RNA45,
11,26,d,T,p,RNA45,
12,27,d,T,sp,RNA45,
13,28,r,G,p,RNA45,
14,29,r,U,sp,RNA45,
15,30,r,A,p,RNA45,
16,31,r,G,sp,RNA45,
17,32,d,T,p,RNA45,
18,33,r,U,sp,RNA45,
19,34,f,C,sp,RNA45,
20,35,f,C,sp,RNA45,
21,36,d,T,p,RNA45,
22,37,d,T,p,RNA45,
23,38,r,U,,RNA45,
-19,1,d,T,p,RNA46,
-18,2,r,A,sp,RNA46,
-17,3,d,T,p,RNA46,
-16,4,d,T,p,RNA46,
-15,5,f,A,p,RNA46,
-14,6,m,C,p,RNA46,
-13,7,m,C,sp,RNA46,
-12,8,f,G,p,RNA46,
-11,9,d,G,p,RNA46,
-10,10,f,C,sp,RNA46,
-9,11,r,U,sp,RNA46,
-8,12,r,A,p,RNA46,
-7,13,d,T,sp,RNA46,
-6,14,d,T,sp,RNA46,
-5,15,d,C,sp,RNA46,
-4,16,f,C,p,RNA46,
-3,17,r,A,p,RNA46,
-2,18,r,G,p,RNA46,
-1,19,r,U,sp,RNA46,
0,20,d,T,p,RNA46,
1,21,d,T,p,RNA46,
2,22,m,A,sp,RNA46,
3,23,r,U,sp,RNA46,
4,24,m,C,sp,RNA46,
5,25,d,T,sp,RNA46,
6,26,r,U,sp,RNA46,
7,27,d,T,sp,RNA46,
8,28,r,U,p,RNA46,
9,29,d,C,p,RNA46,
10,30,d,T,sp,RNA46,
11,31,d,T,p,RNA46,
12,32,m,G,p,RNA46,
13,33,r,U,sp,RNA46,
14,34,r,C,sp,RNA46,
15,35,d,T,p,RNA46,
16,36,d,T,sp,RNA46,
17,37,r,A,p,RNA46,
18,38,r,C,,RNA46,
-34,1,f,A,p,RNA47,
-33,2,d,A,sp,RNA47,
-32,3,r,C,p,RNA47,
-31,4,r,U,sp,RNA47,
-30,5,f,G,p,RNA47,
-29,6,r,U,p,RNA47,
-28,7,d,C,p,RNA47,
-27,8,f,C,sp,RNA47,
-26,9,d,T,sp,RNA47,
-25,10,f,C,p,RNA47,
-24,11,d,G,sp,RNA47,
-23,12,f,G,sp,RNA47,
-22,13,r,U,p,RNA47,
-21,14,m,C,sp,RNA47,
-20,15,d,A,p,RNA47,
-19,16,f,A,p,RNA47,
-18,17,m,G,sp,RNA47,
-17,18,r,U,sp,RNA47,
-16,19,f,C,sp,RNA47,
-15,20,f,C,p,RNA47,
-14,21,d,T,p,RNA47,
-13,22,m,A,sp,RNA47,
-12,23,d,T,p,RNA47,
-11,24,r,A,sp,RNA47,
-10,25,r,G,p,RNA47,
-9,26,d,A,p,RNA47,
-8,27,d,T,sp,RNA47,
-7,28,m,C,sp,RNA47,
-6,29,d,G,p,RNA47,
-5,30,d,T,p,RNA47,
-4,31,r,C,p,RNA47,
-3,32,r,C,p,RNA47,
-2,33,d,T,sp,RNA47,
-1,34,m,A,p,RNA47,
0,35,f,C,sp,RNA47,
1,36,r,C,p,RNA47,
2,37,r,U,p,RNA47,
3,38,r,G,,RNA47,
-29,1,d,A,sp,RNA48,
-28,2,r,U,p,RNA48,
-27,3,d,C,sp,RNA48,
-26,4,r,G,sp,RNA48,
-25,5,m,G,sp,RNA48,
-24,6,d,T,sp,RNA48,
-23,7,r,U,p,RNA48,
-22,8,d,C,sp,RNA48,
-21,9,d,A,sp,RNA48,
-20,10,f,G,p,RNA48,
-19,11,r,A,sp,RNA48,
-18,12,d,C,sp,RNA48,
-17,13,r,C,sp,RNA48,
-16,14,f,G,p,RNA48,
-15,15,d,T,p,RNA48,
-14,16,d,T,p,RNA48,
-13,17,d,T,p,RNA48,
-12,18,r,U,p,RNA48,
-11,19,r,A,p,RNA48,
-10,20,d,C,sp,RNA48,
-9,21,m,A,sp,RNA48,
-8,22,f,G,sp,RNA48,
-7,23,r,G,sp,RNA48,
-6,24,d,G,p,RNA48,
-5,25,r,U,p,RNA48,
-4,26,r,G,sp,RNA48,
-3,27,d,A,sp,RNA48,
-2,28,f,C,sp,RNA48,
-1,29,r,A,sp,RNA48,
0,30,r,U,sp,RNA48,
1,31,r,C,sp,RNA48,
2,32,f,C,sp,RNA48,
3,33,f,A,sp,RNA48,
4,34,f,C,p,RNA48,
5,35,d,T,sp,RNA48,
6,36,d,C,,RNA48,
-24,1,r,G,p,RNA49,
-23,2,d,C,sp,RNA49,
-22,3,d,C,sp,RNA49,
-21,4,m,G,sp,RNA49,
-20,5,f,C,sp,RNA49,
-19,6,d,G,p,RNA49,
-18,7,m,G,sp,RNA49,
-17,8,f,G,sp,RNA49,
-16,9,f,G,sp,RNA49,
-15,10,r,U,sp,RNA49,
-14,11,d,T,p,RNA49,
-13,12,m,C,sp,RNA49,
-12,13,d,T,sp,RNA49,
-11,14,d,T,sp,RNA49,
-10,15,d,T,sp,RNA49,
-9,16,r,U,sp,RNA49,
-8,17,f,A,sp,RNA49,
-7,18,d,T,sp,RNA49,
-6,19,r,U,sp,RNA49,
-5,20,r,C,p,RNA49,
-4,21,f,A,p,RNA49,
-3,22,r,G,p,RNA49,
-2,23,r,A,p,RNA49,
-1,24,r,A,sp,RNA49,
0,25,r,C,p,RNA49,
1,26,r,U,p,RNA49,
2,27,r,C,sp,RNA49,
3,28,f,A,p,RNA49,
4,29,r,A,p,RNA49,
5,30,r,U,p,RNA49,
6,31,m,G,sp,RNA49,
7,32,f,G,p,RNA49,
8,33,d,T,sp,RNA49,
9,34,d,T,sp,RNA49,
10,35,m,C,sp,RNA49,
11,36,r,C,p,RNA49,
12,37,r,U,p,RNA49,
13,38,r,A,sp,RNA49,
14,39,f,G,sp,RNA49,
15,40,r,U,sp,RNA49,
16,41,m,G,sp,RNA49,
17,42,d,A,,RNA49,
-29,1,r,U,sp,RNA50,
-28,2,d,T,p,RNA50,
-27,3,r,G,p,RNA50,
-26,4,m,G,sp,RNA50,
-25,5,d,C,sp,RNA50,
-24,6,d,T,sp,RNA50,
-23,7,d,C,p,RNA50,
-22,8,d,A,p,RNA50,
-21,9,d,T,p,RNA50,
-20,10,d,C,sp,RNA50,
-19,11,d,C,sp,RNA50,
-18,12,d,A,p,RNA50,
-17,13,m,C,sp,RNA50,
-16,14,d,T,p,RNA50,
-15,15,f,A,sp,RNA50,
-14,16,r,U,p,RNA50,
-13,17,d,C,p,RNA50,
-12,18,d,A,p,RNA50,
-11,19,r,C,p,RNA50,
-10,20,m,G,sp,RNA50,
-9,21,r,U,p,RNA50,
-8,22,m,G,sp,RNA50,
-7,23,d,T,p,RNA50,
-6,24,f,G,p,RNA50,
-5,25,m,G,sp,RNA50,
-4,26,d,T,sp,RNA50,
-3,27,d,C,sp,RNA50,
-2,28,r,U,sp,RNA50,
-1,29,r,U,sp,RNA50,
0,30,d,T,sp,RNA50,
1,31,f,C,sp,RNA50,
2,32,m,A,sp,RNA50,
3,33,d,T,sp,RNA50,
4,34,r,G,sp,RNA50,
5,35,m,A,p,RNA50,
6,36,d,G,sp,RNA50,
7,37,r,C,p,RNA50,
8,38,d,T,p,RNA50,
9,39,m,A,p,RNA50,
10,40,d,T,p,RNA50,
11,41,r,C,sp,RNA50,
12,42,r,U,p,RNA50,
13,43,d,A,p,RNA50,
14,44,d,T,,RNA50,
-29,1,r,U,sp,RNA51,
-28,2,d,A,sp,RNA51,
-27,3,m,C,p,RNA51,
-26,4,r,A,p,RNA51,
-25,5,r,C,sp,RNA51,
-24,6,r,U,sp,RNA51,
-23,7,r,U,sp,RNA51,
-22,8,r,U,sp,RNA51,
-21,9,r,G,p,RNA51,
-20,10,f,C,p,RNA51,
-19,11,d,A,p,RNA51,
-18,12,f,C,p,RNA51,
-17,13,r,A,sp,RNA51,
-16,14,r,U,p,RNA51,
-15,15,r,U,p,RNA51,
-14,16,d,G,p,RNA51,
-13,17,r,G,p,RNA51,
-12,18,r,G,sp,RNA51,
-11,19,m,C,sp,RNA51,
-10,20,d,T,sp,RNA51,
-9,21,d,G,sp,RNA51,
-8,22,f,G,sp,RNA51,
-7,23,r,G,sp,RNA51,
-6,24,d,T,p,RNA51,
-5,25,d,T,sp,RNA51,
-4,26,r,C,sp,RNA51,
-3,27,r,A,sp,RNA51,
-2,28,m,G,sp,RNA51,
-1,29,d,T,p,RNA51,
0,30,r,G,p,RNA51,
1,31,m,C,p,RNA51,
2,32,r,C,p,RNA51,
3,33,r,U,p,RNA51,
4,34,d,T,sp,RNA51,
5,35,d,G,p,RNA51,
6,36,r,U,sp,RNA51,
7,37,d,G,sp,RNA51,
8,38,r,U,p,RNA51,
9,39,r,U,p,RNA51,
10,40,r,U,p,RNA51,
11,41,r,U,sp,RNA51,
12,42,d,T,p,RNA51,
13,43,f,A,p,RNA51,
14,44,f,C,sp,RNA51,
15,45,m,C,sp,RNA51,
16,46,d,T,,RNA51,
-39,1,r,U,p,RNA52,
-38,2,d,T,sp,RNA52,
-37,3,m,A,p,RNA52,
-36,4,d,T,sp,RNA52,
-35,5,d,T,p,RNA52,
-34,6,d,T,p,RNA52,
-33,7,f,C,p,RNA52,
-32,8,d,T,sp,RNA52,
-31,9,f,C,p,RNA52,
-30,10,r,G,p,RNA52,
-29,11,r,U,sp,RNA52,
-28,12,f,A,sp,RNA52,
-27,13,d,T,p,RNA52,
-26,14,d,T,sp,RNA52,
-25,15,d,A,p,RNA52,
-24,16,d,T,sp,RNA52,
-23,17,r,G,p,RNA52,
-22,18,r,U,p,RNA52,
-21,19,f,G,sp,RNA52,
-20,20,r,U,p,RNA52,
-19,21,d,T,sp,RNA52,
-18,22,d,C,p,RNA52,
-17,23,r,G,p,RNA52,
-16,24,r,U,sp,RNA52,
-15,25,d,T,sp,RNA52,
-14,26,d,T,sp,RNA52,
-13,27,m,G,p,RNA52,
-12,28,r,U,sp,RNA52,
-11,29,m,A,sp,RNA52,
-10,30,m,C,p,RNA52,
-9,31,d,T,sp,RNA52,
-8,32,f,G,sp,RNA52,
-7,33,m,C,sp,RNA52,
-6,34,d,T,sp,RNA52,
-5,35,d,C,p,RNA52,
-4,36,d,T,sp,RNA52,
-3,37,m,G,sp,RNA52,
-2,38,d,G,sp,RNA52,
-1,39,r,U,p,RNA52,
0,40,d,C,p,RNA52,
1,41,r,U,p,RNA52,
2,42,r,G,sp,RNA52,
3,43,d,T,p,RNA52,
4,44,d,A,p,RNA52,
5,45,r,U,p,RNA52,
6,46,r,G,,RNA52,
-29,1,d,T,sp,RNA53,
-28,2,d,C,p,RNA53,
-27,3,f,A,p,RNA53,
-26,4,r,U,sp,RNA53,
-25,5,d,C,sp,RNA53,
-24,6,m,A,sp,RNA53,
-23,7,d,A,sp,RNA53,
-22,8,r,C,p,RNA53,
-21,9,r,U,sp,RNA53,
-20,10,r,G,sp,RNA53,
-19,11,r,U,p,RNA53,
-18,12,r,U,sp,RNA53,
-17,13,r,U,sp,RNA53,
-16,14,d,T,sp,RNA53,
-15,15,r,U,sp,RNA53,
-14,16,d,T,sp,RNA53,
-13,17,r,A,sp,RNA53,
-12,18,r,U,sp,RNA53,
-11,19,d,T,p,RNA53,
-10,20,f,G,sp,RNA53,
-9,21,d,T,p,RNA53,
-8,22,r,C,sp,RNA53,
-7,23,d,T,p,RNA53,
-6,24,f,G,sp,RNA53,
-5,25,d,A,p,RNA53,
-4,26,r,A,sp,RNA53,
-3,27,r,U,sp,RNA53,
-2,28,r,G,p,RNA53,
-1,29,d,T,sp,RNA53,
0,30,f,G,p,RNA53,
1,31,f,G,sp,RNA53,
2,32,d,T,,RNA53,
-9,1,d,T,p,RNA54,
-8,2,d,T,sp,RNA54,
-7,3,r,G,p,RNA54,
-6,4,d,A,sp,RNA54,
-5,5,d,T,sp,RNA54,
-4,6,f,C,p,RNA54,
-3,7,m,C,sp,RNA54,
-2,8,f,C,p,RNA54,
-1,9,d,A,sp,RNA54,
0,10,r,G,p,RNA54,
1,11,f,G,sp,RNA54,
2,12,r,U,sp,RNA54,
3,13,m,G,sp,RNA54,
4,14,r,U,sp,RNA54,
5,15,d,A,p,RNA54,
6,16,d,A,p,RNA54,
7,17,f,G,p,RNA54,
8,18,d,T,sp,RNA54,
9,19,d,T,sp,RNA54,
10,20,d,A,p,RNA54,
11,21,d,T,sp,RNA54,
12,22,d,T,p,RNA54,
13,23,d,T,p,RNA54,
14,24,r,U,p,RNA54,
15,25,d,G,p,RNA54,
16,26,m,A,sp,RNA54,
17,27,f,A,sp,RNA54,
18,28,m,G,p,RNA54,
19,29,r,C,p,RNA54,
20,30,d,T,sp,RNA54,
21,31,m,A,p,RNA54,
22,32,r,G,,RNA54,
-24,1,d,G,sp,RNA55,
-23,2,r,A,sp,RNA55,
-22,3,m,C,p,RNA55,
-21,4,m,G,p,RNA55,
-20,5,d,T,sp,RNA55,
-19,6,d,T,p,RNA55,
-18,7,r,U,p,RNA55,
-17,8,f,G,p,RNA55,
-16,9,r,U,p,RNA55,
-15,10,d,T,sp,RNA55,
-14,11,d,T,sp,RNA55,
-13,12,d,G,sp,RNA55,
-12,13,r,U,sp,RNA55,
-11,14,d,T,sp,RNA55,
-10,15,r,U,p,RNA55,
-9,16,r,U,sp,RNA55,
-8,17,f,G,p,RNA55,
-7,18,d,G,sp,RNA55,
-6,19,d,A,p,RNA55,
-5,20,m,C,sp,RNA55,
-4,21,m,G,p,RNA55,
-3,22,r,U,p,RNA55,
-2,23,m,G,p,RNA55,
-1,24,r,U,p,RNA55,
0,25,r,C,p,RNA55,
1,26,m,G,sp,RNA55,
2,27,d,A,p,RNA55,
3,28,f,A,p,RNA55,
4,29,m,A,sp,RNA55,
5,30,r,G,p,RNA55,
6,31,f,A,p,RNA55,
7,32,r,G,p,RNA55,
8,33,r,A,p,RNA55,
9,34,r,U,sp,RNA55,
10,35,d,G,p,RNA55,
11,36,d,G,,RNA55,
-24,1,m,A,p,RNA56,
-23,2,d,G,sp,RNA56,
-22,3,d,T,sp,RNA56,
-21,4,d,T,p,RNA56,
-20,5,d,C,sp,RNA56,
-19,6,f,A,p,RNA56,
-18,7,f,G,sp,RNA56,
-17,8,d,T,sp,RNA56,
-16,9,f,A,p,RNA56,
-15,10,r,C,p,RNA56,
-14,11,f,A,sp,RNA56,
-13,12,f,G,p,RNA56,
-12,13,r,U,sp,RNA56,
-11,14,f,C,sp,RNA56,
-10,15,m,C,p,RNA56,
-9,16,m,C,sp,RNA56,
-8,17,r,U,p,RNA56,
-7,18,r,G,sp,RNA56,
-6,19,d,C,sp,RNA56,
-5,20,r,A,p,RNA56,
-4,21,f,G,p,RNA56,
-3,22,d,A,sp,RNA56,
-2,23,r,U,p,RNA56,
-1,24,d,T,sp,RNA56,
0,25,r,U,p,RNA56,
1,26,d,C,p,RNA56,
2,27,d,T,p,RNA56,
3,28,d,T,p,RNA56,
4,29,r,G,sp,RNA56,
5,30,d,G,p,RNA56,
6,31,f,G,p,RNA56,
7,32,r,U,sp,RNA56,
8,33,f,G,sp,RNA56,
9,34,f,G,sp,RNA56,
10,35,m,G,p,RNA56,
11,36,d,G,sp,RNA56,
12,37,r,C,sp,RNA56,
13,38,r,U,,RNA56,
-34,1,d,T,p,RNA57,
-33,2,r,C,p,RNA57,
-32,3,r,U,sp,RNA57,
-31,4,r,A,p,RNA57,
-30,5,f,C,sp,RNA57,
-29,6,m,C,sp,RNA57,
-28,7,r,G,sp,RNA57,
-27,8,r,G,sp,RNA57,
-26,9,d,A,sp,RNA57,
-25,10,r,C,sp,RNA57,
-24,11,r,G,sp,RNA57,
-23,12,f,G,sp,RNA57,
-22,13,f,G,sp,RNA57,
-21,14,m,G,p,RNA57,
-20,15,r,C,p,RNA57,
-19,16,r,U,sp,RNA57,
-18,17,r,U,sp,RNA57,
-17,18,d,C,sp,RNA57,
-16,19,r,G,sp,RNA57,
-15,20,r,U,sp,RNA57,
-14,21,m,C,sp,RNA57,
-13,22,d,T,sp,RNA57,
-12,23,d,G,sp,RNA57,
-11,24,r,U,p,RNA57,
-10,25,d,C,sp,RNA57,
-9,26,d,T,sp,RNA57,
-8,27,d,G,p,RNA57,
-7,28,r,U,p,RNA57,
-6,29,d,A,p,RNA57,
-5,30,d,T,p,RNA57,
-4,31,r,C,sp,RNA57,
-3,32,f,A,sp,RNA57,
-2,33,d,G,sp,RNA57,
-1,34,d,A,p,RNA57,
0,35,d,A,sp,RNA57,
1,36,m,G,p,RNA57,
2,37,m,C,p,RNA57,
3,38,r,U,sp,RNA57,
4,39,r,G,p,RNA57,
5,40,d,T,p,RNA57,
6,41,m,G,sp,RNA57,
7,42,r,U,sp,RNA57,
8,43,d,T,p,RNA57,
9,44,d,T,sp,RNA57,
10,45,f,C,p,RNA57,
11,46,r,A,p,RNA57,
12,47,r,U,p,RNA57,
13,48,r,G,p,RNA57,
14,49,r,U,sp,RNA57,
15,50,d,T,,RNA57,
-19,1,r,G,sp,RNA58,
-18,2,f,A,sp,RNA58,
-17,3,d,T,p,RNA58,
-16,4,r,A,p,RNA58,
-15,5,d,T,sp,RNA58,
-14,6,d,C,sp,RNA58,
-13,7,d,C,p,RNA58,
-12,8,d,A,p,RNA58,
-11,9,r,U,sp,RNA58,
-10,10,d,T,p,RNA58,
-9,11,d,A,p,RNA58,
-8,12,r,G,p,RNA58,
-7,13,r,G,sp,RNA58,
-6,14,r,C,sp,RNA58,
-5,15,f,A,sp,RNA58,
-4,16,f,A,p,RNA58,
-3,17,r,C,p,RNA58,
-2,18,d,G,p,RNA58,
-1,19,d,T,p,RNA58,
0,20,r,C,p,RNA58,
1,21,r,C,sp,RNA58,
2,22,r,U,p,RNA58,
3,23,m,A,sp,RNA58,
4,24,m,A,sp,RNA58,
5,25,d,T,p,RNA58,
6,26,r,C,p,RNA58,
7,27,d,T,sp,RNA58,
8,28,m,A,p,RNA58,
9,29,m,C,sp,RNA58,
10,30,m,A,sp,RNA58,
11,31,d,T,p,RNA58,
12,32,d,C,p,RNA58,
13,33,m,G,p,RNA58,
14,34,r,U,sp,RNA58,
15,35,r,U,sp,RNA58,
16,36,r,U,p,RNA58,
17,37,f,G,sp,RNA58,
18,38,r,U,sp,RNA58,
19,39,d,C,p,RNA58,
20,40,m,G,p,RNA58,
21,41,f,G,sp,RNA58,
22,42,d,T,p,RNA58,
23,43,d,T,p,RNA58,
24,44,r,C,p,RNA58,
25,45,m,C,sp,RNA58,
26,46,f,C,p,RNA58,
27,47,m,C,p,RNA58,
28,48,m,G,sp,RNA58,
29,49,d,T,p,RNA58,
30,50,d,T,,RNA58,
-14,1,f,C,p,RNA59,
-13,2,r,C,sp,RNA59,
-12,3,r,U,p,RNA59,
-11,4,d,C,p,RNA59,
-10,5,r,G,p,RNA59,
-9,6,d,C,sp,RNA59,
-8,7,f,C,p,RNA59,
-7,8,d,G,p,RNA59,
-6,9,m,A,p,RNA59,
-5,10,m,G,p,RNA59,
-4,11,f,A,p,RNA59,
-3,12,f,C,p,RNA59,
-2,13,d,G,p,RNA59,
-1,14,m,A,p,RNA59,
0,15,m,G,p,RNA59,
1,16,f,A,p,RNA59,
2,17,m,G,p,RNA59,
3,18,r,U,sp,RNA59,
4,19,d,A,p,RNA59,
5,20,r,U,p,RNA59,
6,21,f,A,p,RNA59,
7,22,d,A,p,RNA59,
8,23,f,C,p,RNA59,
9,24,d,T,p,RNA59,
10,25,d,C,p,RNA59,
11,26,r,U,p,RNA59,
12,27,d,G,sp,RNA59,
13,28,r,U,p,RNA59,
14,29,f,C,p,RNA59,
15,30,f,G,,RNA59,
-19,1,d,T,sp,RNA60,
-18,2,d,T,p,RNA60,
-17,3,d,A,p,RNA60,
-16,4,r,A,p,RNA60,
-15,5,r,G,p,RNA60,
-14,6,d,T,sp,RNA60,
-13,7,d,G,p,RNA60,
-12,8,d,C,p,RNA60,
-11,9,r,U,sp,RNA60,
-10,10,d,T,p,RNA60,
-9,11,f,C,sp,RNA60,
-8,12,d,T,p,RNA60,
-7,13,d,T,p,RNA60,
-6,14,m,C,p,RNA60,
-5,15,r,G,p,RNA60,
-4,16,d,T,sp,RNA60,
-3,17,r,U,sp,RNA60,
-2,18,d,T,p,RNA60,
-1,19,d,G,p,RNA60,
0,20,r,G,sp,RNA60,
1,21,m,A,p,RNA60,
2,22,r,C,sp,RNA60,
3,23,f,C,sp,RNA60,
4,24,d,A,p,RNA60,
5,25,f,G,sp,RNA60,
6,26,r,U,sp,RNA60,
7,27,m,C,sp,RNA60,
8,28,d,G,sp,RNA60,
9,29,r,U,sp,RNA60,
10,30,d,C,p,RNA60,
11,31,r,C,p,RNA60,
12,32,d,G,p,RNA60,
13,33,f,C,p,RNA60,
14,34,d,C,sp,RNA60,
15,35,f,A,p,RNA60,
16,36,r,A,sp,RNA60,
17,37,r,U,sp,RNA60,
18,38,d,C,p,RNA60,
19,39,m,C,sp,RNA60,
20,40,d,T,sp,RNA60,
21,41,r,U,sp,RNA60,
22,42,r,U,sp,RNA60,
23,43,d,T,p,RNA60,
24,44,m,A,sp,RNA60,
25,45,m,C,p,RNA60,
26,46,r,C,sp,RNA60,
27,47,m,A,sp,RNA60,
28,48,m,G,,RNA60,
-14,1,d,T,p,RNA61,
-13,2,d,T,sp,RNA61,
-12,3,d,A,p,RNA61,
-11,4,d,T,sp,RNA61,
-10,5,d,T,sp,RNA61,
-9,6,d,A,p,RNA61,
-8,7,d,T,p,RNA61,
-7,8,f,C,sp,RNA61,
-6,9,r,U,sp,RNA61,
-5,10,d,C,sp,RNA61,
-4,11,d,C,p,RNA61,
-3,12,d,C,sp,RNA61,
-2,13,r,C,sp,RNA61,
-1,14,r,G,p,RNA61,
0,15,r,A,p,RNA61,
1,16,m,A,p,RNA61,
2,17,r,A,p,RNA61,
3,18,d,T,sp,RNA61,
4,19,r,U,p,RNA61,
5,20,d,A,sp,RNA61,
6,21,r,A,p,RNA61,
7,22,r,U,sp,RNA61,
8,23,r,G,sp,RNA61,
9,24,d,T,p,RNA61,
10,25,m,C,p,RNA61,
11,26,r,A,sp,RNA61,
12,27,d,C,p,RNA61,
13,28,f,G,p,RNA61,
14,29,d,T,sp,RNA61,
15,30,d,T,,RNA61,
-24,1,d,T,p,RNA62,
-23,2,d,T,sp,RNA62,
-22,3,f,C,sp,RNA62,
-21,4,d,T,sp,RNA62,
-20,5,f,C,sp,RNA62,
-19,6,r,U,sp,RNA62,
-18,7,d,T,sp,RNA62,
-17,8,d,C,sp,RNA62,
-16,9,d,T,p,RNA62,
-15,10,d,A,p,RNA62,
-14,11,r,U,sp,RNA62,
-13,12,d,T,sp,RNA62,
-12,13,m,A,p,RNA62,
-11,14,r,A,p,RNA62,
-10,15,m,A,p,RNA62,
-9,16,d,T,sp,RNA62,
-8,17,f,A,sp,RNA62,
-7,18,d,G,p,RNA62,
-6,19,r,C,p,RNA62,
-5,20,r,A,sp,RNA62,
-4,21,f,A,p,RNA62,
-3,22,f,A,sp,RNA62,
-2,23,d,A,sp,RNA62,
-1,24,r,U,p,RNA62,
0,25,m,C,p,RNA62,
1,26,d,T,sp,RNA62,
2,27,m,G,sp,RNA62,
3,28,d,A,sp,RNA62,
4,29,m,A,sp,RNA62,
5,30,r,U,sp,RNA62,
6,31,r,U,p,RNA62,
7,32,d,A,p,RNA62,
8,33,r,C,p,RNA62,
9,34,d,T,sp,RNA62,
10,35,f,C,p,RNA62,
11,36,r,A,sp,RNA62,
12,37,r,U,sp,RNA62,
13,38,d,T,,RNA62,
-29,1,d,A,p,RNA63,
-28,2,d,A,sp,RNA63,
-27,3,d,T,p,RNA63,
-26,4,d,A,sp,RNA63,
-25,5,d,T,sp,RNA63,
-24,6,d,T,p,RNA63,
-23,7,r,U,p,RNA63,
-22,8,d,C,sp,RNA63,
-21,9,d,T,p,RNA63,
-20,10,f,C,sp,RNA63,
-19,11,r,U,sp,RNA63,
-18,12,r,U,p,RNA63,
-17,13,r,C,p,RNA63,
-16,14,r,C,sp,RNA63,
-15,15,r,U,sp,RNA63,
-14,16,d,A,p,RNA63,
-13,17,d,T,sp,RNA63,
-12,18,r,U,p,RNA63,
-11,19,m,C,sp,RNA63,
-10,20,f,G,sp,RNA63,
-9,21,d,G,sp,RNA63,
-8,22,m,G,sp,RNA63,
-7,23,r,C,sp,RNA63,
-6,24,r,G,p,RNA63,
-5,25,d,G,p,RNA63,
-4,26,d,C,sp,RNA63,
-3,27,m,A,p,RNA63,
-2,28,d,T,p,RNA63,
-1,29,d,T,sp,RNA63,
0,30,d,C,p,RNA63,
1,31,d,G,sp,RNA63,
2,32,d,G,p,RNA63,
3,33,f,C,p,RNA63,
4,34,d,C,sp,RNA63,
5,35,d,C,p,RNA63,
6,36,r,G,sp,RNA63,
7,37,r,C,p,RNA63,
8,38,d,T,p,RNA63,
9,39,d,A,p,RNA63,
10,40,r,C,sp,RNA63,
11,41,f,C,p,RNA63,
12,42,d,T,p,RNA63,
13,43,m,G,sp,RNA63,
14,44,f,G,p,RNA63,
15,45,d,T,p,RNA63,
16,46,r,G,,RNA63,
-14,1,f,C,sp,RNA64,
-13,2,d,C,p,RNA64,
-12,3,d,T,p,RNA64,
-11,4,r,C,sp,RNA64,
-10,5,r,U,sp,RNA64,
-9,6,d,A,p,RNA64,
-8,7,d,T,sp,RNA64,
-7,8,r,U,sp,RNA64,
-6,9,f,C,p,RNA64,
-5,10,r,G,p,RNA64,
-4,11,r,U,p,RNA64,
-3,12,d,A,sp,RNA64,
-2,13,m,G,p,RNA64,
-1,14,d,T,sp,RNA64,
0,15,r,U,p,RNA64,
1,16,d,T,p,RNA64,
2,17,r,U,sp,RNA64,
3,18,d,T,p,RNA64,
4,19,m,C,sp,RNA64,
5,20,d,T,p,RNA64,
6,21,r,U,sp,RNA64,
7,22,r,C,sp,RNA64,
8,23,r,C,p,RNA64,
9,24,d,T,p,RNA64,
10,25,f,G,p,RNA64,
11,26,r,U,p,RNA64,
12,27,f,G,sp,RNA64,
13,28,r,U,p,RNA64,
14,29,d,A,p,RNA64,
15,30,m,A,sp,RNA64,
16,31,m,C,sp,RNA64,
17,32,d,T,p,RNA64,
18,33,f,G,p,RNA64,
19,34,d,T,,RNA64,
-29,1,r,U,p,RNA65,
-28,2,d,T,sp,RNA65,
-27,3,r,C,p,RNA65,
-26,4,m,C,sp,RNA65,
-25,5,r,U,sp,RNA65,
-24,6,d,T,p,RNA65,
-23,7,m,G,p,RNA65,
-22,8,d,T,sp,RNA65,
-21,9,m,A,sp,RNA65,
-20,10,d,T,sp,RNA65,
-19,11,m,A,sp,RNA65,
-18,12,r,C,p,RNA65,
-17,13,d,A,p,RNA65,
-16,14,d,T,sp,RNA65,
-15,15,d,T,p,RNA65,
-14,16,f,C,sp,RNA65,
-13,17,d,T,sp,RNA65,
-12,18,r,C,sp,RNA65,
-11,19,r,A,sp,RNA65,
-10,20,r,U,p,RNA65,
-9,21,f,G,p,RNA65,
-8,22,m,C,sp,RNA65,
-7,23,r,G,p,RNA65,
-6,24,r,U,p,RNA65,
-5,25,r,C,p,RNA65,
-4,26,f,C,p,RNA65,
-3,27,r,U,p,RNA65,
-2,28,m,G,p,RNA65,
-1,29,d,T,p,RNA65,
0,30,m,A,,RNA65,
-19,1,m,A,p,RNA66,
-18,2,r,A,p,RNA66,
-17,3,m,G,sp,RNA66,
-16,4,f,C,p,RNA66,
-15,5,d,T,p,RNA66,
-14,6,f,G,sp,RNA66,
-13,7,r,U,p,RNA66,
-12,8,d,T,sp,RNA66,
-11,9,r,U,sp,RNA66,
-10,10,r,G,p,RNA66,
-9,11,r,U,sp,RNA66,
-8,12,d,T,p,RNA66,
-7,13,d,T,sp,RNA66,
-6,14,f,G,sp,RNA66,
-5,15,r,G,sp,RNA66,
-4,16,m,C,sp,RNA66,
-3,17,d,G,p,RNA66,
-2,18,r,A,sp,RNA66,
-1,19,r,U,sp,RNA66,
0,20,f,G,p,RNA66,
1,21,f,C,p,RNA66,
2,22,f,G,p,RNA66,
3,23,m,A,p,RNA66,
4,24,r,U,p,RNA66,
5,25,d,T,p,RNA66,
6,26,m,G,sp,RNA66,
7,27,r,G,p,RNA66,
8,28,m,A,sp,RNA66,
9,29,d,T,p,RNA66,
10,30,d,T,sp,RNA66,
11,31,d,T,p,RNA66,
12,32,r,G,sp,RNA66,
13,33,f,G,sp,RNA66,
14,34,d,T,p,RNA66,
15,35,r,C,p,RNA66,
16,36,r,A,sp,RNA66,
17,37,r,U,sp,RNA66,
18,38,f,A,p,RNA66,
19,39,r,U,p,RNA66,
20,40,m,C,p,RNA66,
21,41,d,T,sp,RNA66,
22,42,d,G,,RNA66,
-9,1,m,A,p,RNA67,
-8,2,d,T,p,RNA67,
-7,3,d,T,p,RNA67,
-6,4,d,T,sp,RNA67,
-5,5,d,T,sp,RNA67,
-4,6,d,G,sp,RNA67,
-3,7,f,G,p,RNA67,
-2,8,m,C,p,RNA67,
-1,9,d,A,p,RNA67,
0,10,d,A,sp,RNA67,
1,11,d,C,p,RNA67,
2,12,f,A,p,RNA67,
3,13,m,G,sp,RNA67,
4,14,r,U,p,RNA67,
5,15,m,A,sp,RNA67,
6,16,f,G,p,RNA67,
7,17,d,A,p,RNA67,
8,18,r,C,sp,RNA67,
9,19,r,U,sp,RNA67,
10,20,f,C,sp,RNA67,
11,21,r,U,sp,RNA67,
12,22,d,G,sp,RNA67,
13,23,d,T,sp,RNA67,
14,24,f,G,p,RNA67,
15,25,d,T,p,RNA67,
16,26,r,U,p,RNA67,
17,27,r,U,sp,RNA67,
18,28,r,U,sp,RNA67,
19,29,r,U,sp,RNA67,
20,30,m,C,sp,RNA67,
21,31,d,T,p,RNA67,
22,32,d,A,sp,RNA67,
23,33,d,T,p,RNA67,
24,34,d,T,sp,RNA67,
25,35,r,A,sp,RNA67,
26,36,f,G,sp,RNA67,
27,37,d,C,p,RNA67,
28,38,f,C,p,RNA67,
29,39,r,U,p,RNA67,
30,40,r,A,sp,RNA67,
31,41,r,C,p,RNA67,
32,42,r,U,p,RNA67,
33,43,d,T,sp,RNA67,
34,44,f,C,sp,RNA67,
35,45,r,U,p,RNA67,
36,46,d,T,p,RNA67,
37,47,m,C,sp,RNA67,
38,48,f,C,,RNA67,
-34,1,r,U,sp,RNA68,
-33,2,d,T,p,RNA68,
-32,3,d,T,p,RNA68,
-31,4,d,C,p,RNA68,
-30,5,f,C,sp,RNA68,
-29,6,r,G,sp,RNA68,
-28,7,r,C,sp,RNA68,
-27,8,d,T,sp,RNA68,
-26,9,d,T,sp,RNA68,
-25,10,r,G,p,RNA68,
-24,11,m,G,sp,RNA68,
-23,12,f,A,sp,RNA68,
-22,13,r,U,sp,RNA68,
-21,14,r,U,p,RNA68,
-20,15,m,G,sp,RNA68,
-19,16,m,G,p,RNA68,
-18,17,d,C,sp,RNA68,
-17,18,m,A,p,RNA68,
-16,19,m,C,sp,RNA68,
-15,20,r,U,p,RNA68,
-14,21,m,C,p,RNA68,
-13,22,m,G,sp,RNA68,
-12,23,d,T,sp,RNA68,
-11,24,r,U,sp,RNA68,
-10,25,r,A,sp,RNA68,
-9,26,r,U,sp,RNA68,
-8,27,r,C,p,RNA68,
-7,28,r,G,p,RNA68,
-6,29,r,U,p,RNA68,
-5,30,f,G,sp,RNA68,
-4,31,m,C,p,RNA68,
-3,32,d,T,p,RNA68,
-2,33,r,U,p,RNA68,
-1,34,d,T,sp,RNA68,
0,35,r,U,sp,RNA68,
1,36,d,T,p,RNA68,
2,37,r,C,sp,RNA68,
3,38,r,U,sp,RNA68,
4,39,m,C,sp,RNA68,
5,40,f,A,,RNA68,
-19,1,f,G,sp,RNA69,
-18,2,d,A,sp,RNA69,
-17,3,f,G,p,RNA69,
-16,4,f,G,p,RNA69,
-15,5,d,T,p,RNA69,
-14,6,f,C,p,RNA69,
-13,7,r,C,sp,RNA69,
-12,8,r,A,sp,RNA69,
-11,9,f,G,p,RNA69,
-10,10,m,C,sp,RNA69,
-9,11,m,G,sp,RNA69,
-8,12,f,G,p,RNA69,
-7,13,m,A,sp,RNA69,
-6,14,d,A,p,RNA69,
-5,15,r,U,sp,RNA69,
-4,16,r,C,p,RNA69,
-3,17,d,A,p,RNA69,
-2,18,r,U,sp,RNA69,
-1,19,f,A,sp,RNA69,
0,20,m,G,sp,RNA69,
1,21,d,G,sp,RNA69,
2,22,r,U,p,RNA69,
3,23,f,G,sp,RNA69,
4,24,m,G,sp,RNA69,
5,25,f,G,sp,RNA69,
6,26,f,C,sp,RNA69,
7,27,m,C,p,RNA69,
8,28,d,A,sp,RNA69,
9,29,m,C,p,RNA69,
10,30,r,U,p,RNA69,
11,31,r,U,sp,RNA69,
12,32,r,A,p,RNA69,
13,33,d,G,p,RNA69,
14,34,m,A,,RNA69,
-9,1,d,T,p,RNA70,
-8,2,d,T,p,RNA70,
-7,3,d,T,sp,RNA70,
-6,4,r,U,p,RNA70,
-5,5,d,T,sp,RNA70,
-4,6,r,A,sp,RNA70,
-3,7,d,T,sp,RNA70,
-2,8,r,U,p,RNA70,
-1,9,d,T,sp,RNA70,
0,10,d,A,sp,RNA70,
1,11,r,U,p,RNA70,
2,12,d,A,sp,RNA70,
3,13,d,C,sp,RNA70,
4,14,d,T,sp,RNA70,
5,15,r,U,p,RNA70,
6,16,r,G,p,RNA70,
7,17,m,G,sp,RNA70,
8,18,f,C,sp,RNA70,
9,19,r,U,sp,RNA70,
10,20,r,G,p,RNA70,
11,21,d,C,sp,RNA70,
12,22,r,U,sp,RNA70,
13,23,f,A,p,RNA70,
14,24,r,U,p,RNA70,
15,25,d,T,p,RNA70,
16,26,d,T,p,RNA70,
17,27,f,C,sp,RNA70,
18,28,r,U,sp,RNA70,
19,29,r,G,p,RNA70,
20,30,m,G,p,RNA70,
21,31,r,U,sp,RNA70,
22,32,r,G,sp,RNA70,
23,33,r,A,p,RNA70,
24,34,m,A,sp,RNA70,
25,35,r,G,sp,RNA70,
26,36,m,A,,RNA70,
-14,1,d,C,sp,RNA71,
-13,2,r,U,p,RNA71,
-12,3,f,A,p,RNA71,
-11,4,f,G,sp,RNA71,
-10,5,m,C,sp,RNA71,
-9,6,d,G,sp,RNA71,
-8,7,d,T,p,RNA71,
-7,8,f,C,sp,RNA71,
-6,9,d,T,sp,RNA71,
-5,10,d,T,sp,RNA71,
-4,11,m,A,sp,RNA71,
-3,12,r,U,sp,RNA71,
-2,13,r,A,p,RNA71,
-1,14,d,T,p,RNA71,
0,15,f,A,p,RNA71,
1,16,f,G,p,RNA71,
2,17,f,A,p,RNA71,
3,18,m,G,sp,RNA71,
4,19,m,A,sp,RNA71,
5,20,m,A,p,RNA71,
6,21,f,G,sp,RNA71,
7,22,m,A,p,RNA71,
8,23,f,C,sp,RNA71,
9,24,d,T,sp,RNA71,
10,25,d,T,p,RNA71,
11,26,d,T,p,RNA71,
12,27,f,G,p,RNA71,
13,28,m,A,sp,RNA71,
14,29,r,U,p,RNA71,
15,30,d,A,p,RNA71,
16,31,d,G,sp,RNA71,
17,32,r,U,p,RNA71,
18,33,r,A,sp,RNA71,
19,34,d,T,sp,RNA71,
20,35,r,G,sp,RNA71,
21,36,d,T,p,RNA71,
22,37,r,U,sp,RNA71,
23,38,r,A,p,RNA71,
24,39,d,A,sp,RNA71,
25,40,d,A,sp,RNA71,
26,41,d,T,sp,RNA71,
27,42,m,C,sp,RNA71,
28,43,r,U,p,RNA71,
29,44,r,A,sp,RNA71,
30,45,d,A,sp,RNA71,
31,46,f,G,,RNA71,
-4,1,r,G,sp,RNA72,
-3,2,r,U,p,RNA72,
-2,3,d,T,sp,RNA72,
-1,4,f,C,sp,RNA72,
0,5,d,T,p,RNA72,
1,6,m,C,p,RNA72,
2,7,r,G,sp,RNA72,
3,8,d,T,sp,RNA72,
4,9,d,C,p,RNA72,
5,10,d,T,sp,RNA72,
6,11,d,T,sp,RNA72,
7,12,r,U,p,RNA72,
8,13,d,A,p,RNA72,
9,14,d,C,sp,RNA72,
10,15,m,A,sp,RNA72,
11,16,m,G,sp,RNA72,
12,17,r,U,sp,RNA72,
13,18,d,C,p,RNA72,
14,19,d,A,sp,RNA72,
15,20,d,C,sp,RNA72,
16,21,r,U,sp,RNA72,
17,22,d,A,p,RNA72,
18,23,r,G,sp,RNA72,
19,24,d,T,p,RNA72,
20,25,r,C,sp,RNA72,
21,26,r,U,p,RNA72,
22,27,d,T,p,RNA72,
23,28,d,C,p,RNA72,
24,29,f,A,p,RNA72,
25,30,r,A,p,RNA72,
26,31,r,G,sp,RNA72,
27,32,d,T,sp,RNA72,
28,33,r,U,sp,RNA72,
29,34,r,U,p,RNA72,
30,35,r,U,sp,RNA72,
31,36,r,U,,RNA72,
-34,1,r,A,sp,RNA73,
-33,2,m,C,sp,RNA73,
-32,3,d,T,sp,RNA73,
-31,4,r,C,p,RNA73,
-30,5,r,U,p,RNA73,
-29,6,r,C,sp,RNA73,
-28,7,r,G,sp,RNA73,
-27,8,r,U,sp,RNA73,
-26,9,d,T,p,RNA73,
-25,10,d,T,p,RNA73,
-24,11,d,G,p,RNA73,
-23,12,r,U,p,RNA73,
-22,13,m,C,sp,RNA73,
-21,14,r,A,p,RNA73,
-20,15,d,T,sp,RNA73,
-19,16,m,C,sp,RNA73,
-18,17,d,T,p,RNA73,
-17,18,r,U,sp,RNA73,
-16,19,m,A,p,RNA73,
-15,20,d,A,sp,RNA73,
-14,21,r,A,p,RNA73,
-13,22,r,U,p,RNA73,
-12,23,m,A,sp,RNA73,
-11,24,m,G,p,RNA73,
-10,25,d,C,p,RNA73,
-9,26,m,C,p,RNA73,
-8,27,d,A,p,RNA73,
-7,28,r,A,p,RNA73,
-6,29,f,A,sp,RNA73,
-5,30,d,T,sp,RNA73,
-4,31,r,C,p,RNA73,
-3,32,f,A,sp,RNA73,
-2,33,r,A,p,RNA73,
-1,34,d,T,p,RNA73,
0,35,r,U,sp,RNA73,
1,36,r,U,sp,RNA73,
2,37,f,A,p,RNA73,
3,38,f,G,,RNA73,
-9,1,r,U,sp,RNA74,
-8,2,r,C,p,RNA74,
-7,3,r,U,p,RNA74,
-6,4,r,U,p,RNA74,
-5,5,f,C,sp,RNA74,
-4,6,d,A,sp,RNA74,
-3,7,f,A,sp,RNA74,
-2,8,r,U,p,RNA74,
-1,9,r,A,sp,RNA74,
0,10,r,C,p,RNA74,
1,11,d,T,sp,RNA74,
2,12,d,T,sp,RNA74,
3,13,f,C,sp,RNA74,
4,14,d,C,sp,RNA74,
5,15,m,G,p,RNA74,
6,16,r,A,p,RNA74,
7,17,f,G,sp,RNA74,
8,18,r,U,p,RNA74,
9,19,d,T,sp,RNA74,
10,20,m,A,sp,RNA74,
11,21,r,U,sp,RNA74,
12,22,m,A,p,RNA74,
13,23,d,T,p,RNA74,
14,24,d,T,sp,RNA74,
15,25,r,G,sp,RNA74,
16,26,m,C,sp,RNA74,
17,27,d,G,p,RNA74,
18,28,f,C,p,RNA74,
19,29,d,T,sp,RNA74,
20,30,r,U,,RNA74,
-19,1,d,T,p,RNA75,
-18,2,r,G,sp,RNA75,
-17,3,d,T,p,RNA75,
-16,4,d,T,p,RNA75,
-15,5,r,U,p,RNA75,
-14,6,d,T,p,RNA75,
-13,7,m,A,sp,RNA75,
-12,8,d,T,sp,RNA75,
-11,9,r,U,sp,RNA75,
-10,10,r,C,sp,RNA75,
-9,11,r,G,p,RNA75,
-8,12,m,A,p,RNA75,
-7,13,d,T,p,RNA75,
-6,14,r,U,p,RNA75,
-5,15,r,U,sp,RNA75,
-4,16,r,C,p,RNA75,
-3,17,r,A,sp,RNA75,
-2,18,r,C,sp,RNA75,
-1,19,r,G,sp,RNA75,
0,20,f,C,sp,RNA75,
1,21,d,G,p,RNA75,
2,22,d,T,sp,RNA75,
3,23,d,A,p,RNA75,
4,24,d,T,sp,RNA75,
5,25,m,G,p,RNA75,
6,26,d,T,p,RNA75,
7,27,d,A,sp,RNA75,
8,28,d,T,p,RNA75,
9,29,d,C,sp,RNA75,
10,30,d,T,sp,RNA75,
11,31,d,T,p,RNA75,
12,32,r,A,p,RNA75,
13,33,r,A,sp,RNA75,
14,34,d,T,p,RNA75,
15,35,m,A,sp,RNA75,
16,36,r,U,sp,RNA75,
17,37,r,A,sp,RNA75,
18,38,d,T,sp,RNA75,
19,39,r,U,sp,RNA75,
20,40,d,T,sp,RNA75,
21,41,d,A,sp,RNA75,
22,42,m,G,,RNA75,
-14,1,r,U,sp,RNA76,
-13,2,r,U,p,RNA76,
-12,3,f,G,p,RNA76,
-11,4,d,T,p,RNA76,
-10,5,d,T,sp,RNA76,
-9,6,m,G,p,RNA76,
-8,7,r,C,p,RNA76,
-7,8,f,C,p,RNA76,
-6,9,m,G,p,RNA76,
-5,10,f,G,p,RNA76,
-4,11,m,C,sp,RNA76,
-3,12,d,T,p,RNA76,
-2,13,r,A,sp,RNA76,
-1,14,r,G,p,RNA76,
0,15,f,G,p,RNA76,
1,16,r,U,sp,RNA76,
2,17,r,U,sp,RNA76,
3,18,f,A,p,RNA76,
4,19,r,U,p,RNA76,
5,20,d,A,sp,RNA76,
6,21,d,C,sp,RNA76,
7,22,r,C,sp,RNA76,
8,23,d,G,p,RNA76,
9,24,r,A,sp,RNA76,
10,25,m,A,sp,RNA76,
11,26,d,T,sp,RNA76,
12,27,r,G,p,RNA76,
13,28,r,U,p,RNA76,
14,29,d,T,p,RNA76,
15,30,r,U,sp,RNA76,
16,31,f,C,p,RNA76,
17,32,d,T,p,RNA76,
18,33,d,G,p,RNA76,
19,34,f,G,,RNA76,
-19,1,r,C,sp,RNA77,
-18,2,f,C,p,RNA77,
-17,3,d,T,p,RNA77,
-16,4,d,C,p,RNA77,
-15,5,r,U,sp,RNA77,
-14,6,r,U,sp,RNA77,
-13,7,r,U,sp,RNA77,
-12,8,r,C,sp,RNA77,
-11,9,f,C,sp,RNA77,
-10,10,d,G,sp,RNA77,
-9,11,f,A,p,RNA77,
-8,12,d,C,p,RNA77,
-7,13,r,A,sp,RNA77,
-6,14,f,C,p,RNA77,
-5,15,d,C,p,RNA77,
-4,16,m,C,sp,RNA77,
-3,17,d,T,p,RNA77,
-2,18,d,T,sp,RNA77,
-1,19,d,A,sp,RNA77,
0,20,f,C,sp,RNA77,
1,21,r,U,sp,RNA77,
2,22,d,T,sp,RNA77,
3,23,d,T,sp,RNA77,
4,24,d,T,sp,RNA77,
5,25,d,T,sp,RNA77,
6,26,r,U,p,RNA77,
7,27,m,A,sp,RNA77,
8,28,r,G,sp,RNA77,
9,29,r,U,p,RNA77,
10,30,f,G,sp,RNA77,
11,31,d,T,sp,RNA77,
12,32,r,U,p,RNA77,
13,33,m,G,sp,RNA77,
14,34,r,U,p,RNA77,
15,35,d,T,sp,RNA77,
16,36,r,U,sp,RNA77,
17,37,d,G,sp,RNA77,
18,38,d,T,,RNA77,
-19,1,r,U,sp,RNA78,
-18,2,d,A,p,RNA78,
-17,3,d,T,p,RNA78,
-16,4,d,A,sp,RNA78,
-15,5,f,A,p,RNA78,
-14,6,f,A,p,RNA78,
-13,7,m,C,sp,RNA78,
-12,8,r,A,p,RNA78,
-11,9,f,C,p,RNA78,
-10,10,r,G,sp,RNA78,
-9,11,r,U,sp,RNA78,
-8,12,f,G,p,RNA78,
-7,13,f,A,p,RNA78,
-6,14,m,C,p,RNA78,
-5,15,r,U,sp,RNA78,
-4,16,d,C,sp,RNA78,
-3,17,r,C,sp,RNA78,
-2,18,m,A,sp,RNA78,
-1,19,d,C,p,RNA78,
0,20,d,T,p,RNA78,
1,21,d,A,p,RNA78,
2,22,r,U,sp,RNA78,
3,23,d,C,sp,RNA78,
4,24,r,U,p,RNA78,
5,25,d,T,sp,RNA78,
6,26,d,T,p,RNA78,
7,27,f,A,p,RNA78,
8,28,d,A,sp,RNA78,
9,29,m,A,sp,RNA78,
10,30,d,A,sp,RNA78,
11,31,r,U,sp,RNA78,
12,32,r,U,p,RNA78,
13,33,r,A,p,RNA78,
14,34,r,U,sp,RNA78,
15,35,r,A,p,RNA78,
16,36,r,A,p,RNA78,
17,37,d,T,p,RNA78,
18,38,d,A,sp,RNA78,
19,39,f,A,p,RNA78,
20,40,r,U,,RNA78,
-4,1,d,C,p,RNA79,
-3,2,r,U,sp,RNA79,
-2,3,d,T,p,RNA79,
-1,4,m,A,p,RNA79,
0,5,d,A,p,RNA79,
1,6,d,T,p,RNA79,
2,7,d,C,p,RNA79,
3,8,d,T,sp,RNA79,
4,9,r,A,p,RNA79,
5,10,m,C,sp,RNA79,
6,11,d,T,sp,RNA79,
7,12,d,C,sp,RNA79,
8,13,d,A,sp,RNA79,
9,14,d,T,p,RNA79,
10,15,f,A,sp,RNA79,
11,16,d,T,p,RNA79,
12,17,f,G,sp,RNA79,
13,18,f,C,sp,RNA79,
14,19,r,U,p,RNA79,
15,20,f,G,sp,RNA79,
16,21,d,T,p,RNA79,
17,22,m,C,p,RNA79,
18,23,f,G,sp,RNA79,
19,24,m,A,sp,RNA79,
20,25,d,T,p,RNA79,
21,26,d,C,sp,RNA79,
22,27,r,U,p,RNA79,
23,28,r,U,sp,RNA79,
24,29,m,A,p,RNA79,
25,30,r,U,sp,RNA79,
26,31,r,G,p,RNA79,
27,32,r,C,sp,RNA79,
28,33,d,T,p,RNA79,
29,34,d,T,sp,RNA79,
30,35,d,A,sp,RNA79,
31,36,r,U,,RNA79,
-9,1,r,C,p,RNA80,
-8,2,d,T,sp,RNA80,
-7,3,d,T,sp,RNA80,
-6,4,d,T,p,RNA80,
-5,5,d,A,sp,RNA80,
-4,6,m,G,p,RNA80,
-3,7,r,U,p,RNA80,
-2,8,r,C,sp,RNA80,
-1,9,r,C,p,RNA80,
0,10,d,T,p,RNA80,
1,11,d,A,sp,RNA80,
2,12,r,U,p,RNA80,
3,13,f,A,p,RNA80,
4,14,f,A,p,RNA80,
5,15,d,T,sp,RNA80,
6,16,r,U,sp,RNA80,
7,17,f,A,p,RNA80,
8,18,r,A,p,RNA80,
9,19,d,T,p,RNA80,
10,20,r,G,sp,RNA80,
11,21,d,G,sp,RNA80,
12,22,r,U,p,RNA80,
13,23,f,C,p,RNA80,
14,24,d,T,p,RNA80,
15,25,r,G,sp,RNA80,
16,26,r,A,sp,RNA80,
17,27,d,G,p,RNA80,
18,28,r,U,p,RNA80,
19,29,d,T,sp,RNA80,
20,30,d,T,sp,RNA80,
21,31,r,U,sp,RNA80,
22,32,r,U,p,RNA80,
23,33,d,G,p,RNA80,
24,34,d,C,p,RNA80,
25,35,r,A,p,RNA80,
26,36,d,T,p,RNA80,
27,37,m,A,p,RNA80,
28,38,d,T,p,RNA80,
29,39,r,U,sp,RNA80,
30,40,d,C,,RNA80,
-34,1,r,A,p,RNA81,
-33,2,m,A,sp,RNA81,
-32,3,d,T,sp,RNA81,
-31,4,d,C,p,RNA81,
-30,5,r,G,p,RNA81,
-29,6,f,C,sp,RNA81,
-28,7,r,U,p,RNA81,
-27,8,d,T,p,RNA81,
-26,9,m,G,sp,RNA81,
-25,10,d,T,p,RNA81,
-24,11,r,A,sp,RNA81,
-23,12,d,T,p,RNA81,
-22,13,m,C,p,RNA81,
-21,14,r,U,sp,RNA81,
-20,15,d,C,sp,RNA81,
-19,16,r,U,p,RNA81,
-18,17,r,U,sp,RNA81,
-17,18,d,G,p,RNA81,
-16,19,r,A,sp,RNA81,
-15,20,r,C,p,RNA81,
-14,21,f,C,p,RNA81,
-13,22,r,A,sp,RNA81,
-12,23,r,U,sp,RNA81,
-11,24,r,U,sp,RNA81,
-10,25,d,C,p,RNA81,
-9,26,r,A,p,RNA81,
-8,27,d,G,sp,RNA81,
-7,28,d,T,p,RNA81,
-6,29,m,C,p,RNA81,
-5,30,r,U,p,RNA81,
-4,31,d,T,sp,RNA81,
-3,32,f,C,p,RNA81,
-2,33,m,A,p,RNA81,
-1,34,r,U,p,RNA81,
0,35,r,C,sp,RNA81,
1,36,r,U,p,RNA81,
2,37,r,U,p,RNA81,
3,38,m,C,p,RNA81,
4,39,r,U,p,RNA81,
5,40,f,G,sp,RNA81,
6,41,r,U,sp,RNA81,
7,42,r,G,,RNA81,
-4,1,m,C,sp,RNA82,
-3,2,r,G,sp,RNA82,
-2,3,m,C,sp,RNA82,
-1,4,d,T,p,RNA82,
0,5,d,T,sp,RNA82,
1,6,d,G,sp,RNA82,
2,7,r,U,sp,RNA82,
3,8,f,G,sp,RNA82,
4,9,r,U,sp,RNA82,
5,10,m,A,sp,RNA82,
6,11,d,C,sp,RNA82,
7,12,d,A,p,RNA82,
8,13,f,A,sp,RNA82,
9,14,r,U,sp,RNA82,
10,15,f,C,p,RNA82,
11,16,m,G,sp,RNA82,
12,17,d,T,sp,RNA82,
13,18,d,C,sp,RNA82,
14,19,r,U,sp,RNA82,
15,20,r,U,sp,RNA82,
16,21,r,A,p,RNA82,
17,22,r,U,p,RNA82,
18,23,d,A,p,RNA82,
19,24,d,C,sp,RNA82,
20,25,r,G,sp,RNA82,
21,26,d,C,p,RNA82,
22,27,d,G,p,RNA82,
23,28,r,U,p,RNA82,
24,29,d,A,sp,RNA82,
25,30,d,T,p,RNA82,
26,31,r,U,sp,RNA82,
27,32,f,A,p,RNA82,
28,33,r,G,p,RNA82,
29,34,r,U,,RNA82,
-34,1,r,U,p,RNA83,
-33,2,d,G,sp,RNA83,
-32,3,m,A,p,RNA83,
-31,4,d,A,sp,RNA83,
-30,5,m,G,p,RNA83,
-29,6,r,U,sp,RNA83,
-28,7,d,T,p,RNA83,
-27,8,r,U,p,RNA83,
-26,9,r,G,sp,RNA83,
-25,10,m,G,sp,RNA83,
-24,11,r,A,sp,RNA83,
-23,12,m,A,p,RNA83,
-22,13,m,C,sp,RNA83,
-21,14,r,G,sp,RNA83,
-20,15,d,G,p,RNA83,
-19,16,r,U,sp,RNA83,
-18,17,r,A,sp,RNA83,
-17,18,m,C,p,RNA83,
-16,19,d,C,p,RNA83,
-15,20,r,U,p,RNA83,
-14,21,d,A,sp,RNA83,
-13,22,r,U,p,RNA83,
-12,23,d,G,p,RNA83,
-11,24,r,U,sp,RNA83,
-10,25,r,C,p,RNA83,
-9,26,d,A,p,RNA83,
-8,27,r,C,p,RNA83,
-7,28,d,G,p,RNA83,
-6,29,m,C,p,RNA83,
-5,30,d,T,sp,RNA83,
-4,31,m,C,sp,RNA83,
-3,32,m,G,p,RNA83,
-2,33,d,G,p,RNA83,
-1,34,f,G,sp,RNA83,
0,35,r,U,p,RNA83,
1,36,r,A,,RNA83,
-19,1,r,G,p,RNA84,
-18,2,d,T,sp,RNA84,
-17,3,f,G,sp,RNA84,
-16,4,r,C,p,RNA84,
-15,5,d,T,sp,RNA84,
-14,6,r,C,p,RNA84,
-13,7,r,G,sp,RNA84,
-12,8,r,U,p,RNA84,
-11,9,m,G,sp,RNA84,
-10,10,r,U,p,RNA84,
-9,11,r,U,sp,RNA84,
-8,12,m,C,p,RNA84,
-7,13,f,A,p,RNA84,
-6,14,m,G,p,RNA84,
-5,15,d,T,p,RNA84,
-4,16,r,U,p,RNA84,
-3,17,r,A,sp,RNA84,
-2,18,d,T,sp,RNA84,
-1,19,r,U,p,RNA84,
0,20,d,T,p,RNA84,
1,21,f,C,sp,RNA84,
2,22,r,U,sp,RNA84,
3,23,f,A,p,RNA84,
4,24,d,G,p,RNA84,
5,25,r,U,sp,RNA84,
6,26,f,G,p,RNA84,
7,27,m,C,p,RNA84,
8,28,r,U,p,RNA84,
9,29,r,U,p,RNA84,
10,30,d,T,sp,RNA84,
11,31,d,A,sp,RNA84,
12,32,r,G,sp,RNA84,
13,33,m,C,p,RNA84,
14,34,r,U,sp,RNA84,
15,35,r,U,sp,RNA84,
16,36,d,G,p,RNA84,
17,37,f,A,p,RNA84,
18,38,d,C,p,RNA84,
19,39,d,A,p,RNA84,
20,40,f,G,p,RNA84,
21,41,d,T,p,RNA84,
22,42,d,T,,RNA84,
-14,1,r,G,sp,RNA85,
-13,2,d,C,sp,RNA85,
-12,3,r,U,sp,RNA85,
-11,4,m,A,sp,RNA85,
-10,5,r,U,sp,RNA85,
-9,6,d,T,p,RNA85,
-8,7,r,G,sp,RNA85,
-7,8,d,T,sp,RNA85,
-6,9,r,U,p,RNA85,
-5,10,f,A,sp,RNA85,
-4,11,r,U,sp,RNA85,
-3,12,d,T,p,RNA85,
-2,13,d,A,sp,RNA85,
-1,14,d,T,p,RNA85,
0,15,m,G,sp,RNA85,
1,16,d,T,p,RNA85,
2,17,d,T,sp,RNA85,
3,18,f,C,p,RNA85,
4,19,d,G,sp,RNA85,
5,20,m,C,p,RNA85,
6,21,r,A,sp,RNA85,
7,22,d,C,sp,RNA85,
8,23,r,U,p,RNA85,
9,24,r,U,sp,RNA85,
10,25,d,C,p,RNA85,
11,26,d,T,p,RNA85,
12,27,r,U,p,RNA85,
13,28,d,T,p,RNA85,
14,29,m,C,sp,RNA85,
15,30,d,T,sp,RNA85,
16,31,m,A,p,RNA85,
17,32,r,C,p,RNA85,
18,33,m,C,sp,RNA85,
19,34,r,U,sp,RNA85,
20,35,r,C,sp,RNA85,
21,36,r,U,,RNA85,
-19,1,r,U,sp,RNA86,
-18,2,r,A,p,RNA86,
-17,3,r,U,p,RNA86,
-16,4,r,U,p,RNA86,
-15,5,m,G,sp,RNA86,
-14,6,d,A,sp,RNA86,
-13,7,d,T,sp,RNA86,
-12,8,r,A,sp,RNA86,
-11,9,f,G,sp,RNA86,
-10,10,m,A,p,RNA86,
-9,11,f,A,sp,RNA86,
-8,12,d,T,sp,RNA86,
-7,13,d,G,p,RNA86,
-6,14,r,U,sp,RNA86,
-5,15,d,C,sp,RNA86,
-4,16,d,A,sp,RNA86,
-3,17,r,G,sp,RNA86,
-2,18,d,T,sp,RNA86,
-1,19,f,A,sp,RNA86,
0,20,m,C,sp,RNA86,
1,21,d,T,sp,RNA86,
2,22,r,U,sp,RNA86,
3,23,r,U,sp,RNA86,
4,24,d,T,p,RNA86,
5,25,r,U,sp,RNA86,
6,26,d,T,sp,RNA86,
7,27,m,A,sp,RNA86,
8,28,d,T,sp,RNA86,
9,29,d,T,sp,RNA86,
10,30,f,A,,RNA86,
-34,1,m,A,sp,RNA87,
-33,2,f,A,sp,RNA87,
-32,3,d,G,sp,RNA87,
-31,4,f,A,sp,RNA87,
-30,5,f,G,sp,RNA87,
-29,6,r,C,sp,RNA87,
-28,7,d,C,p,RNA87,
-27,8,f,G,p,RNA87,
-26,9,m,A,sp,RNA87,
-25,10,r,U,sp,RNA87,
-24,11,r,U,p,RNA87,
-23,12,d,A,p,RNA87,
-22,13,r,A,p,RNA87,
-21,14,m,A,sp,RNA87,
-20,15,r,G,p,RNA87,
-19,16,d,G,sp,RNA87,
-18,17,d,T,p,RNA87,
-17,18,r,G,p,RNA87,
-16,19,f,A,p,RNA87,
-15,20,r,C,sp,RNA87,
-14,21,d,T,sp,RNA87,
-13,22,d,T,sp,RNA87,
-12,23,d,T,sp,RNA87,
-11,24,r,U,p,RNA87,
-10,25,d,T,p,RNA87,
-9,26,m,C,sp,RNA87,
-8,27,m,A,sp,RNA87,
-7,28,m,C,p,RNA87,
-6,29,f,A,sp,RNA87,
-5,30,r,U,sp,RNA87,
-4,31,r,U,sp,RNA87,
-3,32,r,U,p,RNA87,
-2,33,m,C,p,RNA87,
-1,34,r,C,sp,RNA87,
0,35,d,G,p,RNA87,
1,36,f,C,,RNA87,
-4,1,d,A,p,RNA88,
-3,2,d,A,p,RNA88,
-2,3,d,T,p,RNA88,
-1,4,r,C,sp,RNA88,
0,5,r,U,p,RNA88,
1,6,r,U,sp,RNA88,
2,7,m,C,sp,RNA88,
3,8,d,T,p,RNA88,
4,9,r,A,p,RNA88,
5,10,d,A,p,RNA88,
6,11,d,T,sp,RNA88,
7,12,m,G,sp,RNA88,
8,13,m,C,p,RNA88,
9,14,r,C,sp,RNA88,
10,15,m,A,sp,RNA88,
11,16,r,C,sp,RNA88,
12,17,r,U,p,RNA88,
13,18,m,A,p,RNA88,
14,19,r,A,sp,RNA88,
15,20,d,C,sp,RNA88,
16,21,f,G,sp,RNA88,
17,22,d,A,sp,RNA88,
18,23,d,G,sp,RNA88,
19,24,r,U,sp,RNA88,
20,25,d,C,p,RNA88,
21,26,r,U,sp,RNA88,
22,27,r,C,sp,RNA88,
23,28,d,T,sp,RNA88,
24,29,f,G,p,RNA88,
25,30,r,U,p,RNA88,
26,31,d,T,sp,RNA88,
27,32,r,A,sp,RNA88,
28,33,f,G,sp,RNA88,
29,34,d,G,,RNA88,
-29,1,d,T,p,RNA89,
-28,2,d,T,sp,RNA89,
-27,3,r,C,p,RNA89,
-26,4,f,A,sp,RNA89,
-25,5,m,A,sp,RNA89,
-24,6,d,T,sp,RNA89,
-23,7,d,G,p,RNA89,
-22,8,r,U,sp,RNA89,
-21,9,r,U,p,RNA89,
-20,10,d,T,p,RNA89,
-19,11,f,C,p,RNA89,
-18,12,d,T,sp,RNA89,
-17,13,m,A,sp,RNA89,
-16,14,d,T,p,RNA89,
-15,15,d,G,p,RNA89,
-14,16,r,G,p,RNA89,
-13,17,d,T,p,RNA89,
-12,18,d,A,p,RNA89,
-11,19,r,U,p,RNA89,
-10,20,d,C,sp,RNA89,
-9,21,m,G,sp,RNA89,
-8,22,d,G,p,RNA89,
-7,23,f,C,sp,RNA89,
-6,24,d,A,sp,RNA89,
-5,25,d,T,sp,RNA89,
-4,26,r,A,sp,RNA89,
-3,27,d,C,sp,RNA89,
-2,28,r,C,p,RNA89,
-1,29,m,A,sp,RNA89,
0,30,r,C,p,RNA89,
1,31,r,U,sp,RNA89,
2,32,d,T,p,RNA89,
3,33,f,G,p,RNA89,
4,34,r,U,p,RNA89,
5,35,r,U,p,RNA89,
6,36,r,U,p,RNA89,
7,37,f,A,sp,RNA89,
8,38,m,G,p,RNA89,
9,39,r,C,sp,RNA89,
10,40,m,C,p,RNA89,
11,41,f,A,sp,RNA89,
12,42,r,C,sp,RNA89,
13,43,d,G,p,RNA89,
14,44,r,U,,RNA89,
-19,1,d,T,sp,RNA90,
-18,2,r,U,sp,RNA90,
-17,3,d,G,p,RNA90,
-16,4,m,A,sp,RNA90,
-15,5,d,T,p,RNA90,
-14,6,r,C,p,RNA90,
-13,7,r,U,p,RNA90,
-12,8,r,U,sp,RNA90,
-11,9,d,T,p,RNA90,
-10,10,d,C,sp,RNA90,
-9,11,r,G,sp,RNA90,
-8,12,d,T,p,RNA90,
-7,13,d,T,sp,RNA90,
-6,14,d,C,sp,RNA90,
-5,15,r,U,sp,RNA90,
-4,16,r,U,sp,RNA90,
-3,17,d,A,sp,RNA90,
-2,18,d,C,sp,RNA90,
-1,19,m,G,sp,RNA90,
0,20,d,T,p,RNA90,
1,21,m,A,p,RNA90,
2,22,f,G,p,RNA90,
3,23,r,U,p,RNA90,
4,24,r,A,sp,RNA90,
5,25,r,C,sp,RNA90,
6,26,r,A,p,RNA90,
7,27,m,A,p,RNA90,
8,28,r,G,p,RNA90,
9,29,r,A,p,RNA90,
10,30,f,C,sp,RNA90,
11,31,r,G,p,RNA90,
12,32,f,A,sp,RNA90,
13,33,d,C,p,RNA90,
14,34,r,U,p,RNA90,
15,35,d,T,p,RNA90,
16,36,r,A,sp,RNA90,
17,37,f,A,p,RNA90,
18,38,d,T,p,RNA90,
19,39,r,U,sp,RNA90,
20,40,r,G,sp,RNA90,
21,41,f,C,p,RNA90,
22,42,d,T,sp,RNA90,
23,43,f,C,p,RNA90,
24,44,r,U,,RNA90,
-19,1,f,G,p,RNA91,
-18,2,r,U,p,RNA91,
-17,3,f,C,sp,RNA91,
-16,4,r,U,sp,RNA91,
-15,5,f,A,sp,RNA91,
-14,6,m,A,p,RNA91,
-13,7,r,U,p,RNA91,
-12,8,f,A,p,RNA91,
-11,9,m,C,sp,RNA91,
-10,10,r,U,p,RNA91,
-9,11,d,A,sp,RNA91,
-8,12,d,G,sp,RNA91,
-7,13,r,U,sp,RNA91,
-6,14,d,A,sp,RNA91,
-5,15,d,C,p,RNA91,
-4,16,m,A,p,RNA91,
-3,17,m,A,p,RNA91,
-2,18,r,G,sp,RNA91,
-1,19,r,U,p,RNA91,
0,20,f,A,sp,RNA91,
1,21,f,C,sp,RNA91,
2,22,d,A,sp,RNA91,
3,23,r,U,p,RNA91,
4,24,r,U,sp,RNA91,
5,25,d,T,p,RNA91,
6,26,d,C,p,RNA91,
7,27,r,U,sp,RNA91,
8,28,r,G,p,RNA91,
9,29,r,U,p,RNA91,
10,30,r,G,p,RNA91,
11,31,r,U,p,RNA91,
12,32,d,G,p,RNA91,
13,33,r,U,sp,RNA91,
14,34,m,C,p,RNA91,
15,35,r,A,p,RNA91,
16,36,r,U,sp,RNA91,
17,37,d,G,p,RNA91,
18,38,r,C,p,RNA91,
19,39,m,A,sp,RNA91,
20,40,d,G,p,RNA91,
21,41,d,T,sp,RNA91,
22,42,f,A,p,RNA91,
23,43,f,G,sp,RNA91,
24,44,f,A,sp,RNA91,
25,45,f,C,p,RNA91,
26,46,r,U,sp,RNA91,
27,47,m,A,p,RNA91,
28,48,d,T,,RNA91,
-29,1,d,C,p,RNA92,
-28,2,m,G,p,RNA92,
-27,3,m,C,sp,RNA92,
-26,4,d,C,p,RNA92,
-25,5,d,G,p,RNA92,
-24,6,d,T,p,RNA92,
-23,7,m,C,p,RNA92,
-22,8,m,C,sp,RNA92,
-21,9,d,G,p,RNA92,
-20,10,m,G,sp,RNA92,
-19,11,r,A,p,RNA92,
-18,12,r,U,sp,RNA92,
-17,13,d,T,sp,RNA92,
-16,14,r,U,p,RNA92,
-15,15,r,U,p,RNA92,
-14,16,m,A,p,RNA92,
-13,17,d,G,sp,RNA92,
-12,18,d,T,p,RNA92,
-11,19,d,G,p,RNA92,
-10,20,m,G,p,RNA92,
-9,21,m,A,p,RNA92,
-8,22,f,A,p,RNA92,
-7,23,d,T,p,RNA92,
-6,24,r,G,sp,RNA92,
-5,25,d,C,p,RNA92,
-4,26,f,G,p,RNA92,
-3,27,r,U,sp,RNA92,
-2,28,d,G,p,RNA92,
-1,29,d,A,p,RNA92,
0,30,f,C,p,RNA92,
1,31,r,C,sp,RNA92,
2,32,d,A,sp,RNA92,
3,33,r,A,sp,RNA92,
4,34,m,C,sp,RNA92,
5,35,f,A,p,RNA92,
6,36,d,T,,RNA92,
-4,1,r,G,sp,RNA93,
-3,2,d,T,sp,RNA93,
-2,3,f,G,sp,RNA93,
-1,4,d,T,sp,RNA93,
0,5,d,C,p,RNA93,
1,6,r,U,p,RNA93,
2,7,m,G,p,RNA93,
3,8,d,T,p,RNA93,
4,9,f,C,sp,RNA93,
5,10,m,A,sp,RNA93,
6,11,d,T,sp,RNA93,
7,12,r,U,p,RNA93,
8,13,r,G,sp,RNA93,
9,14,d,A,p,RNA93,
10,15,r,U,sp,RNA93,
11,16,m,C,sp,RNA93,
12,17,d,G,p,RNA93,
13,18,d,A,p,RNA93,
14,19,d,T,sp,RNA93,
15,20,f,A,p,RNA93,
16,21,r,G,sp,RNA93,
17,22,d,T,sp,RNA93,
18,23,r,U,sp,RNA93,
19,24,r,C,p,RNA93,
20,25,d,T,p,RNA93,
21,26,d,T,p,RNA93,
22,27,d,T,p,RNA93,
23,28,r,U,p,RNA93,
24,29,m,G,sp,RNA93,
25,30,r,A,sp,RNA93,
26,31,d,T,p,RNA93,
27,32,f,A,sp,RNA93,
28,33,d,T,p,RNA93,
29,34,d,C,p,RNA93,
30,35,m,G,sp,RNA93,
31,36,d,T,p,RNA93,
32,37,d,A,sp,RNA93,
33,38,d,C,sp,RNA93,
34,39,d,T,p,RNA93,
35,40,d,A,sp,RNA93,
36,41,f,A,sp,RNA93,
37,42,d,C,sp,RNA93,
38,43,d,C,sp,RNA93,
39,44,m,G,p,RNA93,
40,45,d,T,p,RNA93,
41,46,r,U,p,RNA93,
42,47,d,C,p,RNA93,
43,48,d,T,,RNA93,
-19,1,m,C,p,RNA94,
-18,2,f,A,sp,RNA94,
-17,3,d,T,p,RNA94,
-16,4,r,G,sp,RNA94,
-15,5,r,U,p,RNA94,
-14,6,d,A,p,RNA94,
-13,7,r,U,sp,RNA94,
-12,8,d,G,p,RNA94,
-11,9,m,G,p,RNA94,
-10,10,d,T,p,RNA94,
-9,11,r,U,sp,RNA94,
-8,12,m,A,p,RNA94,
-7,13,d,C,sp,RNA94,
-6,14,r,U,sp,RNA94,
-5,15,f,A,p,RNA94,
-4,16,d,T,sp,RNA94,
-3,17,r,U,sp,RNA94,
-2,18,d,G,p,RNA94,
-1,19,d,A,sp,RNA94,
0,20,d,A,sp,RNA94,
1,21,m,C,sp,RNA94,
2,22,r,C,sp,RNA94,
3,23,m,G,sp,RNA94,
4,24,m,G,p,RNA94,
5,25,d,C,p,RNA94,
6,26,r,G,sp,RNA94,
7,27,f,G,p,RNA94,
8,28,d,T,p,RNA94,
9,29,d,T,p,RNA94,
10,30,m,A,sp,RNA94,
11,31,r,U,sp,RNA94,
12,32,r,U,sp,RNA94,
13,33,f,C,sp,RNA94,
14,34,d,T,sp,RNA94,
15,35,d,G,sp,RNA94,
16,36,d,T,p,RNA94,
17,37,r,U,p,RNA94,
18,38,r,G,,RNA94,
-19,1,f,A,sp,RNA95,
-18,2,f,G,sp,RNA95,
-17,3,d,C,sp,RNA95,
-16,4,d,T,sp,RNA95,
-15,5,d,T,p,RNA95,
-14,6,r,U,p,RNA95,
-13,7,d,C,p,RNA95,
-12,8,d,T,p,RNA95,
-11,9,m,C,p,RNA95,
-10,10,f,G,p,RNA95,
-9,11,f,C,sp,RNA95,
-8,12,f,G,p,RNA95,
-7,13,m,A,sp,RNA95,
-6,14,r,A,p,RNA95,
-5,15,d,T,p,RNA95,
-4,16,r,U,p,RNA95,
-3,17,f,C,sp,RNA95,
-2,18,r,A,sp,RNA95,
-1,19,d,A,p,RNA95,
0,20,f,G,p,RNA95,
1,21,d,T,p,RNA95,
2,22,r,U,sp,RNA95,
3,23,m,C,p,RNA95,
4,24,d,T,p,RNA95,
5,25,f,A,p,RNA95,
6,26,f,C,sp,RNA95,
7,27,r,A,p,RNA95,
8,28,r,U,sp,RNA95,
9,29,d,G,sp,RNA95,
10,30,d,T,sp,RNA95,
11,31,d,T,p,RNA95,
12,32,d,T,sp,RNA95,
13,33,m,G,p,RNA95,
14,34,m,C,,RNA95,
-24,1,f,G,p,RNA96,
-23,2,d,C,p,RNA96,
-22,3,r,U,sp,RNA96,
-21,4,r,U,p,RNA96,
-20,5,d,A,p,RNA96,
-19,6,r,G,sp,RNA96,
-18,7,d,T,sp,RNA96,
-17,8,d,T,sp,RNA96,
-16,9,f,C,p,RNA96,
-15,10,r,C,sp,RNA96,
-14,11,f,C,sp,RNA96,
-13,12,d,T,p,RNA96,
-12,13,d,C,sp,RNA96,
-11,14,r,G,sp,RNA96,
-10,15,d,A,p,RNA96,
-9,16,f,C,p,RNA96,
-8,17,f,G,sp,RNA96,
-7,18,m,A,sp,RNA96,
-6,19,d,A,p,RNA96,
-5,20,r,U,p,RNA96,
-4,21,f,A,sp,RNA96,
-3,22,r,U,sp,RNA96,
-2,23,f,G,sp,RNA96,
-1,24,f,A,p,RNA96,
0,25,d,T,sp,RNA96,
1,26,m,G,p,RNA96,
2,27,r,G,p,RNA96,
3,28,r,G,sp,RNA96,
4,29,m,G,p,RNA96,
5,30,d,C,p,RNA96,
6,31,d,T,sp,RNA96,
7,32,d,C,sp,RNA96,
8,33,r,A,p,RNA96,
9,34,m,A,,RNA96,
-39,1,d,A,sp,RNA97,
-38,2,r,G,sp,RNA97,
-37,3,f,C,sp,RNA97,
-36,4,m,A,sp,RNA97,
-35,5,r,G,p,RNA97,
-34,6,d,T,p,RNA97,
-33,7,r,U,sp,RNA97,
-32,8,d,T,sp,RNA97,
-31,9,f,C,sp,RNA97,
-30,10,d,T,sp,RNA97,
-29,11,r,U,sp,RNA97,
-28,12,r,A,p,RNA97,
-27,13,d,G,sp,RNA97,
-26,14,d,T,sp,RNA97,
-25,15,f,G,sp,RNA97,
-24,16,d,C,sp,RNA97,
-23,17,m,C,sp,RNA97,
-22,18,f,C,p,RNA97,
-21,19,r,G,sp,RNA97,
-20,20,d,T,sp,RNA97,
-19,21,d,A,p,RNA97,
-18,22,r,A,p,RNA97,
-17,23,d,C,p,RNA97,
-16,24,r,U,p,RNA97,
-15,25,r,G,p,RNA97,
-14,26,r,U,sp,RNA97,
-13,27,r,U,p,RNA97,
-12,28,m,C,sp,RNA97,
-11,29,d,T,sp,RNA97,
-10,30,r,U,p,RNA97,
-9,31,d,C,sp,RNA97,
-8,32,d,T,p,RNA97,
-7,33,r,U,sp,RNA97,
-6,34,d,G,sp,RNA97,
-5,35,f,A,sp,RNA97,
-4,36,f,A,p,RNA97,
-3,37,d,T,sp,RNA97,
-2,38,d,G,p,RNA97,
-1,39,m,G,sp,RNA97,
0,40,d,T,sp,RNA97,
1,41,d,G,sp,RNA97,
2,42,r,U,sp,RNA97,
3,43,m,A,p,RNA97,
4,44,r,U,sp,RNA97,
5,45,r,C,p,RNA97,
6,46,r,U,,RNA97,
-29,1,r,A,sp,RNA98,
-28,2,r,U,sp,RNA98,
-27,3,m,G,p,RNA98,
-26,4,r,C,sp,RNA98,
-25,5,r,G,p,RNA98,
-24,6,m,C,sp,RNA98,
-23,7,d,T,sp,RNA98,
-22,8,r,U,p,RNA98,
-21,9,r,U,p,RNA98,
-20,10,r,U,p,RNA98,
-19,11,r,C,p,RNA98,
-18,12,r,G,sp,RNA98,
-17,13,m,A,sp,RNA98,
-16,14,f,A,p,RNA98,
-15,15,d,T,sp,RNA98,
-14,16,f,A,sp,RNA98,
-13,17,f,G,sp,RNA98,
-12,18,r,U,sp,RNA98,
-11,19,d,A,p,RNA98,
-10,20,r,A,p,RNA98,
-9,21,d,T,sp,RNA98,
-8,22,d,A,sp,RNA98,
-7,23,r,U,p,RNA98,
-6,24,r,U,sp,RNA98,
-5,25,f,C,p,RNA98,
-4,26,d,T,p,RNA98,
-3,27,d,A,p,RNA98,
-2,28,r,U,sp,RNA98,
-1,29,d,T,p,RNA98,
0,30,r,U,sp,RNA98,
1,31,r,C,sp,RNA98,
2,32,d,A,,RNA98,
-34,1,d,C,p,RNA99,
-33,2,r,U,p,RNA99,
-32,3,d,T,p,RNA99,
-31,4,d,T,p,RNA99,
-30,5,f,C,sp,RNA99,
-29,6,d,T,p,RNA99,
-28,7,r,U,p,RNA99,
-27,8,d,A,p,RNA99,
-26,9,r,U,sp,RNA99,
-25,10,r,U,p,RNA99,
-24,11,m,A,sp,RNA99,
-23,12,d,T,sp,RNA99,
-22,13,d,G,sp,RNA99,
-21,14,f,G,sp,RNA99,
-20,15,d,A,sp,RNA99,
-19,16,m,A,sp,RNA99,
-18,17,r,U,p,RNA99,
-17,18,r,A,p,RNA99,
-16,19,r,U,sp,RNA99,
-15,20,m,A,sp,RNA99,
-14,21,r,G,sp,RNA99,
-13,22,r,U,p,RNA99,
-12,23,r,U,sp,RNA99,
-11,24,f,G,p,RNA99,
-10,25,r,A,p,RNA99,
-9,26,f,C,p,RNA99,
-8,27,f,C,p,RNA99,
-7,28,d,T,p,RNA99,
-6,29,d,G,p,RNA99,
-5,30,r,U,sp,RNA99,
-4,31,r,A,p,RNA99,
-3,32,r,C,p,RNA99,
-2,33,d,T,sp,RNA99,
-1,34,f,C,p,RNA99,
0,35,m,C,p,RNA99,
1,36,f,G,sp,RNA99,
2,37,r,C,sp,RNA99,
3,38,r,U,sp,RNA99,
4,39,r,A,p,RNA99,
5,40,d,T,p,RNA99,
6,41,d,A,sp,RNA99,
7,42,r,U,,RNA99,
-29,1,r,U,sp,RNA100,
-28,2,f,A,sp,RNA100,
-27,3,r,U,p,RNA100,
-26,4,d,T,p,RNA100,
-25,5,f,A,sp,RNA100,
-24,6,d,C,p,RNA100,
-23,7,d,T,p,RNA100,
-22,8,d,C,sp,RNA100,
-21,9,m,A,p,RNA100,
-20,10,r,U,sp,RNA100,
-19,11,m,G,sp,RNA100,
-18,12,r,U,sp,RNA100,
-17,13,d,T,p,RNA100,
-16,14,d,T,p,RNA100,
-15,15,r,U,p,RNA100,
-14,16,m,G,sp,RNA100,
-13,17,d,T,sp,RNA100,
-12,18,r,A,sp,RNA100,
-11,19,r,A,sp,RNA100,
-10,20,d,C,p,RNA100,
-9,21,r,C,sp,RNA100,
-8,22,r,U,sp,RNA100,
-7,23,d,C,p,RNA100,
-6,24,f,A,p,RNA100,
-5,25,r,U,sp,RNA100,
-4,26,d,C,p,RNA100,
-3,27,r,U,sp,RNA100,
-2,28,d,T,p,RNA100,
-1,29,r,U,sp,RNA100,
0,30,r,U,p,RNA100,
1,31,d,T,sp,RNA100,
2,32,r,U,,RNA100,
